hex;lon;lat
917129c78420d019;104.06275;30.54062
8820f22e03082016;103.97106;30.51652
cc2cee41b5a78d32;104.15866;30.537909999999997
617fc087efff5182;104.11802;30.712790000000002
b7880b01134d726c;104.21858;30.82273
8d506e23bc65e4cf;104.13817;30.4862
7461298166b59abb;104.06277;30.58698
90ee3826e41dd488;103.88944000000001;30.63399
f38097a45650f777;104.17763000000001;30.85843
5b6eca593a79bc18;104.00976;30.517429999999997
9c88f27181d0a9ce;104.0342;30.496059999999996
342e9f8179427d28;103.95871;30.64302
67d1db753fbd0b79;104.00974000000001;30.56376
970f7a2bc7209651;103.99332;30.76346
e86ce5067494bfd8;104.20231;30.883490000000002
521622747f935062;103.88156;30.5022
6ed90e6d04aebe4c;104.10178;30.86634
0fcaaf3e771ed918;104.02806;30.7448
24f4a474b7acc788;104.02195999999999;30.6226
972f6b68e9b40b15;103.89339;30.699920000000002
4b2793e4cf011a9a;103.89161999999999;30.551170000000003
c19d987f82722f79;104.05874;30.79928
0cea0ead62baf147;103.97718;30.4996
4ecd3a988138ccf8;103.87897;30.770290000000003
99b0486b20e3ba16;103.9344;30.5254
757d071c7e36f4fc;103.87493;30.75067
3874dc144b2c4b67;104.07704;30.5629
1460ea57d2c4c210;103.92369000000001;30.8935
8087f030f54b744a;104.3337;30.862140000000004
654ff9031c453322;103.84851;30.715840000000004
37a6454275929d48;104.27932;30.5601
0b96cec64924df43;104.11405;30.832420000000003
7287fe5c7d4403bd;104.15881;30.6307
5d3367549af2bc5a;104.0566;30.418540000000004
4280c85441723383;104.2079;30.634259999999998
eaaf5b3f4711d926;104.25368;30.89697
ce7f8b06feace5c2;103.94419;30.85254
b6b0b609447f563a;103.936;30.859640000000002
09ae07f462e4a639;104.06888000000001;30.570040000000002
95493bfe8fe9d6df;103.85265;30.689120000000003
9db1361905c59adf;103.86114;30.54311
c5b3ae4d4bd994e0;103.92187;30.744559999999996
7e8fbeed731678c7;104.14267;30.784240000000004
ffa597b6996b924b;103.92376;30.84712
a82d83b0866ebdf7;104.0936;30.873459999999998
c1c9538c6d586c0f;103.92591999999999;30.76418
57d92ad44de2d8cb;104.03012;30.66184
ca4e17e19886f6c9;104.18141999999999;30.6923
f94fe7119bc8911c;104.22206;30.563740000000003
7adaf4bbaff3cfd4;103.93404;30.803440000000002
901e130fa03188e9;104.19747;30.53878
c9ca36551ee74165;104.2451;30.76466
0a554491f3eab77c;104.14486;30.886979999999998
570aab73f5f9a16f;103.98739;30.45597
a68573362f0f9694;104.2434;30.894270000000002
5980a3c80809f746;103.95446;30.80885
9c686217a5441176;104.04644;30.554879999999997
280e86ddda51abb5;103.85434000000001;30.83795
4fdcece79c0f204f;104.12419;30.74225
dd004acc31fae3fa;104.11582;30.5638
fcfc2c1d07a4fa73;103.98727;30.64128
d209b926cde163bb;103.94464;30.48178
c3efb356b982247c;104.29256;30.851390000000002
5259c85aa71099c3;103.89171999999999;30.50488
551a468eb2592547;103.83845;30.66682
e6f0e1cc8fba2325;103.96476;30.7188
427285a85926037c;103.8299;30.8129
53d332a2192d0870;104.08734;30.704729999999998
78ef0dcf2c270cd4;104.12414;30.695840000000004
1370acc4115928d1;103.74896;30.652309999999996
01b4053cc80bd9de;103.80364;30.731720000000003
037bb3826740324e;103.99334;30.71708
5ce3b643a2fce2e5;104.08116;30.628890000000002
278515b2178f15f1;104.21258;30.886190000000003
7826d77c9b8e0e90;104.21836;30.729809999999997
0254106f09b2feec;103.79361999999999;30.68272
70345418a2b80e8d;103.97714;30.545920000000002
b04cb2539779be62;104.00964;30.84202
8b9891778c77b2e9;103.82978;30.85925
90e01b533621ea56;104.14048000000001;30.681559999999998
4d2d831b13c0b39b;103.8446;30.64992
63fbd90b1d533d2d;104.13874;30.903940000000002
20a8e8c8408ed7fa;103.81758;30.84672
ed7458ccb7605b5c;104.22436;30.6664
30ed27f20cbd9592;103.87954;30.4924
1cf003e1accfe8eb;104.20387;30.661040000000003
b2da19ce56093eed;104.21465;30.89602
bb735d43d1041854;104.31838;30.60737
09e0708be0648e88;104.15064;30.63784
d89949772ff15440;103.77544;30.64082
27c98e0c67fee9c6;104.11381999999999;30.60036
a43325d6643074ca;104.0342;30.77425
e2702289d9a93669;104.00364;30.534359999999996
7e7a3bd6bf73f225;104.09328000000001;30.455940000000002
e4eb30aa14118ad7;104.00562;30.683220000000002
241e3c0b5d48271f;104.03624;30.73767
12f85ad49aef912f;103.98318;30.668020000000002
49bcbf28db15d6a9;104.15092;30.82355
22927e5108bfbea5;103.86474;30.74796
bd61bd818f906914;103.8933;30.746259999999996
78493e14a4caed0f;104.00966;30.79562
4075cd40d06d5fae;104.28971;30.6092
5a15209003fe600a;104.2473;30.820970000000003
385e4e96a7bb1f20;104.07714;30.748440000000002
f563514f787070b6;104.08534;30.78773
e1a22edc08755d0d;104.15298;30.83338
ea54c48e9b944415;104.08318;30.59233
c076261fce437600;103.91391999999999;30.612659999999998
e621bbce372e2312;104.15454;30.518290000000004
3e8a35bb2262aecd;104.23021999999999;30.55658
8ceb51d9a0035e47;104.29372;30.5824
037782e33fe0b866;103.89775999999999;30.534259999999996
446e75a0bd24205c;104.19609;30.853990000000003
f64e2d2c08b32142;104.20625;30.810209999999998
e76e4d3d9462ead9;104.03828;30.561999999999998
5751a95072e4d748;104.07715999999999;30.794859999999996
aa8a0afdb8f168d0;103.80178000000001;30.675620000000002
015cf8fccb0f16bb;103.86294000000001;30.6455
e6f915b79c6bdadc;104.04851;30.75018
d8a1d56efcf67aa5;104.15505;30.8432
9925b2f98ce3a5bc;103.94852;30.64033
fdacd3957a0b10b9;104.27604000000001;30.8192
3a9dc5b58204a99f;104.07494;30.4604
1eb949881db8d933;104.07084;30.394479999999998
9b0830119f6d88b8;103.91789;30.678590000000003
9aa7c0f2a2fb9923;104.24718;30.774490000000004
99a61dbf3b18c71e;104.31454000000001;30.680640000000004
636ca81ba94c7710;104.1834;30.655690000000003
ead5ec7d062c3ed9;104.21214;30.70034
80848968b07d92c9;104.0648;30.550420000000003
efdfc0c6203172c4;104.02396;30.86437
acb9a180325be185;104.17308;30.6066
8a22c00dc06db6c0;103.8078;30.70502
ab924e686d5dad1c;104.19364;30.65836
41e2d6b7fc265ed4;103.98913;30.929440000000003
4e6ab406af4a842b;104.11596;30.70297
f7e52cda401568b0;104.23924;30.8746
e8ee4e33c07ac37c;103.99538000000001;30.7269
55671105a8d2de4d;103.91804;30.58594
8639109257d7a656;104.07095;30.626209999999997
b235077a6e4563bc;104.32342;30.85946
7e16b239a2f2287e;103.85891;30.625909999999998
a5ce6e8819c0acf4;103.99741999999999;30.7367
f0ece52f91ff0b4c;103.96885999999999;30.692059999999998
9afdcf4a94601092;104.24951;30.877290000000002
69bcd27675d4a2b6;104.14273;30.83069
45bf102ab481029e;104.0546;30.54775
bf11363e860bcc49;103.91601;30.576140000000002
ef901d3bde132bb8;104.19541;30.528959999999998
a5c3fc6c7f740b09;104.20200000000001;30.7441
53f6d83613a8422c;104.1263;30.7985
940348441b6238cf;104.03624;30.50586
32f6a0330ac61fb3;104.27365999999999;30.716409999999996
2348b5267ce95a73;103.95466;30.623409999999996
87949fdb1919c16b;103.95056;30.650140000000004
fa55c59c336c2d10;104.02606;30.50318
926d27c14e84f5d0;104.04442;30.73054
88878333df4fb268;103.95034;30.8356
c7bb0a6205d169d9;104.07698;30.4702
23ce1cc3a628ff83;104.16896;30.58697
eec92f3ca393fb6a;104.02195;30.66896
a5881627ceddbae0;104.23253000000001;30.65925
a41ad73708f0aeb6;104.16928;30.77266
27443b0f793bef2d;103.95664000000001;30.67956
04f63d8ff82b7a49;103.94442;30.66706
05327624f2eae58a;104.18771;30.7682
b1d488b1c0946cd4;104.27960999999999;30.65297
77f86e9e923282d6;104.11777;30.48088
890e806b5e866ff3;103.98127;30.472890000000003
c102bb4db78cacac;104.19738000000001;30.492379999999997
5f70d0fd59e71b8b;104.19148;30.602140000000002
94398e3d9bb42809;104.21826;30.683359999999997
da1b4a442840e93d;103.94233;30.7036
5f6c6e465923a8b1;103.95243;30.79904
d56bebc59df177d2;104.3062;30.64133
2b8497af6a8af29b;103.99735;30.8759
ee14382c997824bf;104.0056;30.72958
2181a88fbb03c692;103.86454;30.840659999999996
03e38ba25a4f8bd5;104.16492;30.613740000000004
6d0882a335b0ae6b;103.80621;30.556359999999998
75887598514b7042;104.14872;30.72085
2ef568511b30202b;104.00972;30.610120000000002
c11222da069bc4d6;104.16515;30.753
d27bd89915248ea4;104.01986;30.891140000000004
6b035865a206ad0e;103.96679;30.728620000000003
d43eca67054a1b73;103.88951999999999;30.58768
c1cda1ca8e226d40;103.91781999999999;30.724940000000004
6848927f2328b2cc;104.11792;30.61999
4bf82acd3d967f12;103.98919000000001;30.8366
cecd9fcdcfc82865;103.78746;30.69962
cb035b98c322d5ab;104.07514;30.831459999999996
f826bb23c6b827b6;103.93594;30.90604
9be3ac12b48ef43f;103.94628;30.815959999999997
8a8ac5a28283249e;104.23057;30.695870000000003
199f093157cff36b;103.96875;30.8312
e892069fb52de694;103.91001999999999;30.50044
6d5b7aec990b2846;104.17497;30.523629999999997
2d6f2fa3d9fd65b0;103.99948;30.70015
c792b598d4533be0;104.06882;30.430999999999997
6c98be67b2fc5ed1;103.8711;30.6384
d67dc8548ec2c1ea;104.24446;30.53248
c5a987a5fd61c019;104.26935999999999;30.6503
6b02c8327bb2f507;103.9546;30.669759999999997
f5f50a52498f72a9;104.11395999999999;30.739559999999997
def3a897f8f65b11;104.1957;30.66818
a3cf98b6b13864c3;103.98709000000001;30.9196
fa8409033a88af07;103.96484;30.6261
0fa6620ea06e92fe;104.03828;30.747490000000003
a0113f7277dc3ea1;104.08529;30.694909999999997
1cb3a2385bb7eb30;104.26576;30.816509999999997
49b8a64e44aec5c8;103.98100000000001;30.84372
a5e754af48bc8725;104.09774;30.93958
94546a57b20cdb98;104.16278;30.55753
657f41f11e9c4364;104.07924;30.85111
f49208323f2822b2;103.91991999999999;30.6884
509028a72066dd4e;104.22424000000001;30.61996
48f51a8a374cd4dc;103.93636;30.581509999999998
d7b6961e67a8c7b3;104.27812;30.82903
4064efaeea8f671f;104.06278;30.633340000000004
3c9206b27b1c6478;103.82625999999999;30.654320000000002
c98f88b8d4a80c15;104.07104;30.811809999999998
f2e150ebab32d6ce;103.7388;30.6496
4ad275e2cd1efc76;103.94868000000001;30.50137
721713cf921fd0df;103.96899;30.553040000000003
a11425fe7242a3da;103.97695999999999;30.7777
46d436e0a83ebb99;104.04034;30.80371
9e503128d0e783ac;104.09144;30.724359999999997
8e65e069b7dedb2a;103.85243;30.78179
7da3a3d5ec0b3278;104.21988;30.50752
d7d7be58acc02238;104.03012;30.754609999999996
58c26bb98dfff836;103.90972;30.6857
7afa15705d2bed94;104.30204;30.62169
5a3b8afc2771098c;104.30445;30.72444
bc72d7fc788144f3;104.24654;30.542279999999998
f011b48efe856538;103.99553;30.44885
dbafb714463e0bbb;104.19204;30.8808
ab496833281ec510;104.0199;30.751920000000002
7ef0f6366cffd5b4;103.88741999999999;30.62418
3b6941176a35cb7e;103.98104000000001;30.797320000000003
8553ca158376058b;104.15911;30.81642
3b6c59bbcd98275f;104.06071;30.5308
6d82a7eb7fd74ea6;104.13225;30.6423
da8fed17db154902;104.17489;30.47725
7197574b7b8759bf;104.24861;30.5521
5019b49ecece553b;104.01384;30.490709999999996
e727f5667ac16a5d;104.02398000000001;30.771559999999997
42f1a5c9ac09b75c;103.99744;30.690340000000003
e2ab395aee5d0805;103.84638000000001;30.752359999999996
ae63852b134971de;104.00771999999999;30.50763
e3965ff3f8ec5d4d;103.84616;30.84505
4079cbbbbe9bf4ff;104.0444;30.498720000000002
8113fe88ce5f0b15;103.98508000000001;30.863359999999997
d2de352e88f23e4c;104.04032;30.47912
b4fce9cf645fcb34;103.83028;30.673920000000003
7d25f5e5d275b7fe;103.81596;30.69792
41871467c3c7b96a;103.99139;30.568209999999997
9c3ae9c6cfe6ac99;104.33698000000001;30.649340000000002
89e641e187303228;104.17703;30.533440000000002
d5011672c3d8e079;104.25676999999999;30.544959999999996
bc9e6ebcc26416ac;104.0015;30.75634
ed75ce6d31e57ede;103.94858;30.594
731702c30f228d13;104.22261999999999;30.795920000000002
4885ccc6d900a73f;104.02601999999999;30.827779999999997
5b15edad705d8d5d;104.286;30.72891
1f2dc70659bcdd93;104.15448;30.47192
c4eee887bf7c773d;104.04236999999999;30.67435
a1b073834573b3dd;104.02197;30.576259999999998
8d41d1071874ad3e;104.1119;30.729740000000003
05b4beec6ba75b42;104.23912;30.82811
e0321d2af4c51db8;104.00962;30.88843
8f59dc4927fdd71c;104.03217;30.486259999999998
d5b4ad88b3e16457;104.1896;30.685159999999996
b0c7161c06a29a26;104.24327;30.84778
f774f1d060bc1b68;104.13231;30.6887
a34194fe070f47e6;103.78314;30.77262
d7dd768769f6df34;103.90584;30.573459999999997
e4397e8aba211996;104.01177;30.57357
69d5a1a3fc6911b2;103.99944;30.792920000000002
5e72e5e8407b9ba0;104.24314;30.8013
181170adaf91b96b;103.80821;30.56615
f3681c870ea697d3;103.92626;30.53252
5bf8f29f9d3d7f5d;104.10186;30.959259999999997
9b3d9ba53a56b0a8;104.08939000000001;30.71455
176a007caa3e3983;103.81958;30.856540000000003
b31c4cc0c729f6d6;104.04849;30.611040000000003
5b1f6025b2b870f7;104.06696;30.88502
6ce9e71a3abb1919;103.90576;30.61976
d15ec4afbc3b2df1;104.09969;30.81007
cf8ee24aed57b10a;104.05869;30.61372
0501af87f2ae3fa2;104.13637;30.661929999999998
0d64cc13d94eae53;104.03624;30.830479999999998
ef4293fc704932d1;104.09768000000001;30.84668
babd2b4dc6f93ddb;103.95066;30.557479999999998
c4665f69350f04a3;103.97708;30.6386
fc6bcf9fbfb14b18;103.81021;30.575940000000003
bd148cd8c66ddd7d;104.09331;30.50228
eab5896e67ea574d;103.91198;30.556540000000002
0234d76e8072defe;104.24925999999999;30.78432
1ece2d4a172022eb;104.05875999999999;30.845709999999997
303362c805009b52;103.98308;30.807140000000004
2028acffee664a0f;104.07106;30.858240000000002
ee627b2c30682ba0;103.79205;30.53408
9d177404a398742f;104.20584000000001;30.624440000000003
b53debf02d5a529b;103.7836;30.63372
111297464a0c9cc8;104.13031;30.7253
bc524e83570ad113;104.31438;30.634179999999997
78aafeada01a51ab;104.13025;30.67888
919a8c658da42871;103.9506;30.6038
b81d04bf1ee01801;103.90172;30.60016
26aa48f78de7b707;104.15078000000001;30.73067
6e75027d35af4b89;104.22412;30.57355
16fffefcb2c5c39c;104.10557;30.51475
2db59d0176e33a87;104.1505;30.54505
0ee8b42b5af24802;104.17333;30.745859999999997
2b470649df69a897;104.10364;30.644070000000003
b371e2b80e2a98fe;104.09751999999999;30.66102
bd91f42c849a63a1;103.9403;30.693790000000003
c6b6dcc908ef13d9;104.02194;30.71535
f424c907fb5fdf56;104.19382;30.751240000000003
0b849310e667a790;103.99939;30.885720000000003
9173ca62e9b498e0;104.15306;30.87984
af9d2d19e19b311a;104.05051;30.528140000000004
66391d891bfdea65;103.97921;30.5094
b97752fda8f03668;103.84402;30.8816
3d92b9a2d412eb91;104.19335;30.51915
1c9fe1700f892084;104.10569;30.653879999999997
a23e5b3ee2d06c10;103.93207;30.747259999999997
361516d75566d940;104.05463;30.686840000000004
653440cb1cc6e8f7;103.87484;30.79702
5d0a4d2602a80617;104.28956;30.562759999999997
cbd0709900b6ebee;104.21422;30.71016
078451efc7fb027d;104.07908;30.572709999999997
01ff9aadfb203451;104.04034;30.7573
46d1c31e1498c25d;104.23104000000001;30.88174
f5427ed7bcd09da0;104.24239;30.52266
370505695244d105;104.12213;30.732429999999997
7c95d88f0517b587;104.18151;30.73872
02ce8118cc4c9367;104.0342;30.54239
c7b4230da44bb478;103.87944;30.53868
2e7da42fa4eec296;104.00761;30.7858
63d737d2b0e002c2;104.1363;30.61553
2dada5cfbcb7e140;103.86314;30.552909999999997
41e70789361acb14;103.96268;30.755359999999996
381597f0afcf8000;104.25146;30.840640000000004
73a578c597621dee;104.1611;30.7798
b82e4e37c69a9172;104.23692;30.7718
26c21cb0ecb057a1;104.06081999999999;30.855529999999998
2746f4b6f1e2183e;103.9689;30.64572
827e8760989d662b;104.24459;30.578879999999998
05ca05f053054739;104.17695;30.487059999999996
cb6b006811eb52d8;104.14086;30.960240000000002
e5c3a377b5a2d860;103.90965;30.73205
0ca909bab4284608;104.15682;30.66729
6ed448e3fab74339;104.12592;30.473740000000003
7868818e60fe4e97;104.00766;30.69302
97dec8a17f363139;104.18348;30.70212
c577625aa9692420;104.17514;30.61642
83b441c671abf049;104.03828;30.7011
4f39d1385e334e04;104.14446;30.608390000000004
87fb36ff3ada6aec;104.21628;30.71998
a7e56129f478a6a6;104.09942;30.48535
267d2b84b81da247;103.94244;30.61092
b3ceaf1ecd3ad6ce;104.03217;30.53258
fde2c7a65ded91d1;104.29564;30.54578
75c95b102c88a69b;103.99962;30.42213
d0b98554e9bec1a7;104.09973000000001;30.856509999999997
7ebeb9a4d8a89061;104.01993;30.566440000000004
7e7e0fcd80e96caa;103.9873;30.59494
a63d2fd0d71498a6;104.11981999999999;30.490679999999998
cff2c63d65c449a6;104.05864;30.428340000000002
0b3498d8eade9ceb;103.79160999999999;30.67292
722a58d81bc8a6d1;104.23045;30.64943
2578eff22a77ea42;104.15264;30.60125
0f56d90473d56e6f;103.94024;30.74015
b3841a1c37d6edeb;103.93231999999999;30.561909999999997
bb4670f0e2ec4588;104.04438;30.4524
4518058068231bca;104.08306;30.406940000000002
95bfe7a9d1ddcdfc;103.99141999999999;30.52188
b6f69a99ac8b7e83;103.87311;30.64821
7b97982638d9a5f0;104.14851999999999;30.58163
b82435c9954e5406;104.12814;30.62267
b18bbba14a16df77;103.98094;30.93655
7cfa9986eeeceff1;104.21607;30.62712
7aedc33ee4ac83d3;104.02396;30.81796
29b558c1a02b6ebe;104.15085;30.7771
6f68d4cf586527dc;103.7876;30.65332
11e73809b0bdbee8;104.2016;30.5584
eb03c7b7c1aba725;103.86251999999999;30.83085
8f589348ea437b40;103.99544;30.634159999999998
2ed10f359f0eb57c;104.00978;30.4248
c3b7e5efea81f498;103.87734;30.57518
c8bc15220b00ba5c;104.10376;30.7833
751b18809638f929;104.23264;30.7057
7b9530c7e764c3da;104.13454;30.83782
0ccdda0d1e0b23b1;103.84259;30.64012
d84913030def5451;103.98939;30.512079999999997
c60d7fd01d286e55;104.22066;30.832559999999997
3f28a322a8c5f17c;104.05058000000001;30.852829999999997
bdda0cc96ab124a5;104.29996;30.611859999999997
ea707efc68ca01bb;103.9648;30.67245
6d0cd1b1739a1b0e;104.17341;30.79232
c25166539f059a37;104.08932;30.62176
f6b5790ce3416965;104.2958;30.59222
6a2d5aa4298d1017;104.0199;30.705540000000003
c0de8e33491f72ee;103.86728000000001;30.52621
86045aa7a7be6546;104.10792;30.84938
4114d120ada7b7db;103.8465;30.70604
77326b48607afd58;104.07701999999999;30.516540000000003
88c5dbadbe643bb3;103.79548;30.73882
55fe2dfd627f4a46;104.08952;30.90026
9e881d2c84693579;104.33162;30.8523
b6ea1992bcc2d530;104.21183;30.561059999999998
69967da93e9a9bb6;104.18581999999999;30.8513
36248d5ab10fd0ab;103.80994;30.66852
bec49f4dcf7d5df5;104.02401;30.539720000000003
e592ad18e7b971bd;104.0689;30.6164
e6424e78018e9d93;103.97305;30.57265
489da2adcb3e9fc7;104.08538;30.83415
b1b62f1339b6635c;103.99531;30.86608
09b55c242e1fc8ca;103.96061;30.79192
1d954ef0731a7d82;104.06076;30.7163
1b29d93e4279c2c9;103.97312;30.480009999999996
c4f43251c19c25d3;103.9791;30.6484
e803f496bbfbebe3;103.8854;30.61438
0b6d8be7d5a30847;103.85848;30.811220000000002
2df38316c1c58409;104.2015;30.511999999999997
5dc937b5699e1bb7;103.94227;30.749959999999998
18b075ab80d90f13;104.21018000000001;30.736959999999996
7f0cc0e4bacef2d8;104.1878;30.814659999999996
16074b906ada179b;104.00164000000001;30.431929999999998
ff6e5442b709ffdf;104.12608;30.61285
21cbb028a4145890;104.26507;30.584220000000002
7df14dbd44702ce8;103.84224;30.77908
51a43407890a197a;104.04238000000001;30.81353
674ca394ac845e91;103.98933000000001;30.604740000000003
7f4fecf0616cf147;103.81796999999999;30.707720000000002
39d55c5873f23d30;104.07696;30.42387
5921b73ffa2acb93;104.0444;30.54506
83c60fef3d034b0d;104.25301999999999;30.6646
c9bdd09472d7804b;103.9176;30.864040000000003
01bde8da3310f7b9;103.84022;30.769270000000002
88eaa153d7ad03a3;103.9729;30.758059999999997
4ac3b00a5d5abd4f;104.01176;30.61992
7fcf4ed2afd758dc;103.80794;30.658720000000002
771676ac0ed6dc0c;103.75095999999999;30.6621
b67cd9561f89a802;103.98124;30.5192
d3d8632554879d59;104.09544;30.60482
2d1dc69cadf42e8c;103.90762;30.722240000000003
bd59d445de2a3907;104.06079;30.7627
eaff7f7ec55a6dd2;103.97078;30.84102
c53374c8346ddb79;103.80579;30.695220000000003
8f2b113dffe3c889;103.79576;30.64622
da136e81830381eb;104.09551;30.6976
9bf826e34c7d3e98;104.2225;30.74946
ef6eb529420b5ad2;104.1036;30.59768
704cde469a677b6e;104.07904;30.48
96ea9afccf0a1b20;104.2018;30.651220000000002
2958f38040b3b4fb;104.30396;30.58506
9ecf46ecc7b7cf2c;103.83418;30.73984
468eafafeb7f14d5;104.01785;30.7421
41db692ca1626039;104.27976;30.69943
ae327e90a3db50b1;104.29048;30.841559999999998
18ea6c37a09836c8;103.99746;30.64398
90b6d71e5051df0e;103.89726;30.81225
7f66887b720c449c;104.24472;30.625320000000002
20be858e06ee6721;104.18978;30.77804
a55380943f530c76;103.91384000000001;30.65898
af7b82a3349d12eb;103.96498000000001;30.48713
8fa76e7537dcc8cb;103.91565;30.80785
04f385c0c65f3215;104.0649;30.82876
e6cc6dc881872812;104.28438;30.85854
a8553ac08ef83289;104.0158;30.778679999999998
a8c6c0ee0d922092;104.11787;30.5736
a8e0b444420fc2ff;104.3328;30.629690000000004
ca0b0f5e412a4fc1;104.0342;30.58874
12fb8e9f7a298808;104.11822;30.89854
00d7dcba8ae751f6;104.08312;30.499609999999997
ac4baf35da2055f0;104.06685999999999;30.60659
e944f534f18d400b;104.01994;30.52011
ca95124a3e1188cc;104.26092;30.56458
d7be5128e6c3a1fd;104.12808000000001;30.57628
b67456802071c9d4;104.04648;30.83318
a10885b895795a0f;103.93397;30.84982
65523a0120dad734;104.11399999999999;30.78599
9cc72ac33b653044;104.26784;30.826340000000002
f953c27bce19c460;103.97896999999999;30.8339
01a83fde5ea99d5c;104.1549;30.750320000000002
7dd2aab1c063aa42;104.31229;30.62435
7c56046707762d85;103.84281999999999;30.54753
03d6479ddba13b66;104.01781;30.88131
43c864ac3e55bdbf;103.84246999999999;30.686420000000002
b5ff24a99279526d;104.09764;30.80025
d195784a56fb6d12;104.20594;30.670859999999998
c1c8ca922ce185c1;103.8569;30.6161
f1c542a341e66eb9;104.21172;30.51466
4f1e762ee6089ba1;104.0998;30.94942
e25040bf29b0fea0;103.96264000000001;30.801740000000002
beedc6dc055a474e;104.1326;30.9209
89e5b7ac54bb55f3;104.22228;30.656579999999998
f324d3f52ccff03e;104.24082;30.69855
92ceee4ee19fddbc;104.18106999999999;30.50668
0bf32a264e0560a4;104.21226;30.746779999999998
ee3ed298503a8179;104.2429;30.708370000000002
21cc760ee9ff1b78;103.97094;30.655520000000003
123c5d751610d9a1;104.11806999999999;30.759209999999996
5b902696ee90b8da;103.79805999999999;30.56346
6a2e19aab9740e29;104.02603;30.6886
f21562ffd5f259f6;104.1244;30.928040000000003
8db1a3e4464df31f;104.05662;30.464859999999998
bc304ae9484313fb;104.12198000000001;30.59323
fb3a74739fb3599f;104.03624;30.5522
f5dbfb29d30d1606;103.85041;30.77198
a45caca1e0cb231d;103.90139;30.78551
ed50fb58ca29ef8b;103.89541;30.70973
140d0e303c082320;103.79562;30.692520000000002
96feb1f39f5bdfdb;103.91144;30.88097
66a9d2ba54eef7f1;103.86515;30.5627
a32e7981368fca97;103.91354;30.8444
b8c2d9cbd537d47d;104.21661999999999;30.859379999999998
c37e4e832efb0330;104.07306;30.775209999999998
85a523dfa4436ef0;103.97294000000001;30.71169
e219104c062cafc6;103.87744;30.5289
67d09795bf70520e;104.09749000000001;30.61463
eb5eb1eacf55e1ac;103.89146;30.643790000000003
57acdcbe7159c9ec;104.21444;30.80307
2120ecfb4d35a6e7;104.23631;30.539620000000003
d8bcbad4e7be8f1e;104.22021;30.646759999999997
77a5fd6851636a52;104.17755;30.81196
01dbc708db12ad96;104.07921999999999;30.804679999999998
3e07674fc224aef6;103.91174000000001;30.69551
8852c1b6c513cc46;103.79776;30.65602
f91a5c3da1590fa6;103.99942;30.83932
7249aaa7b0e0e07b;104.16936;30.8191
fbe3c618b491e770;104.24032;30.51284
7025c9cbefee9356;103.96074;30.652829999999998
8379d006063fabc8;103.96295;30.47734
cbb58513135d1f8b;103.96255;30.894540000000003
e8b0127aad7c3c26;103.86928;30.536009999999997
8140a3b13448b6b5;103.86868;30.81393
f5d67d3a518321e5;104.05870999999999;30.6601
f58efa07b5f95620;104.04238000000001;30.72073
51304a9035920f7f;104.22689;30.862070000000003
03b03b709f762857;104.27574;30.72624
bf1656c417397789;104.13237;30.735120000000002
58bb361c0253d9dd;104.2512;30.74768
9afea425734c0d96;104.0628;30.67972
b97ccbe435804a29;104.15903;30.769959999999998
4e4561e6c13c4308;104.02198;30.48358
a549254f2dfc54bb;103.9116;30.788220000000003
88d6917ea72d4f3d;104.23092;30.835259999999998
cac40aec686cc407;104.0342;30.44973
35bb835cf45a4d44;103.8876;30.531579999999998
7e69074f34788f2c;104.04033000000001;30.664540000000002
3cfbcf80c4f5a871;103.97098000000001;30.60918
1323753cf078d3f3;104.14865;30.674429999999997
3290508494678715;104.29164;30.57258
b2b3c8dee2c369d3;104.18734;30.5825
48ec7c2b595a0779;103.88558;30.52178
02531976f71c9084;104.26799;30.872840000000004
923a718e4067f545;104.2105;30.87635
44b47a5cd2ce68c9;103.95268;30.56728
03e1a8e5d18df7d6;104.19816;30.86382
cf5389c8be29a063;104.12403;30.603040000000004
be33f18e4b4267b3;104.12642;30.8914
3f243b7692408ac4;103.9018;30.553859999999997
6e6eb6129d84d12e;103.93821;30.73034
979e0f581db9d52d;103.855;30.56002
97422345ecfd3496;103.92814;30.63495
6f7480aaf5c231c7;104.09566;30.8833
f7859f2eb2571023;104.15462;30.56467
617d0777e6353caf;104.11783;30.52723
e1186c149dd6cf62;104.22619;30.58336
4db8f311f62e237a;104.12408;30.64943
40c1ddb3e1ac9e2c;104.29803000000001;30.648490000000002
f87326201aba5020;103.9466;30.537879999999998
1bcc735b9fce114f;103.92990999999999;30.83018
2082fa25de91d7b8;104.1816;30.78518
55bfc604159976e8;104.02606;30.45686
6ee7d0de09d28b9e;104.05464;30.733240000000002
df0d72452674b890;104.14646;30.57181
2efb3f83444bbb10;104.06691;30.74575
830c2db8159cc4f4;103.96688;30.63591
7270b0c919adb982;104.29194;30.665470000000003
80ce837ff676416e;104.15058;30.591440000000002
f1eb6dbee4eda005;104.07502;30.599459999999997
df513e5dee83f99c;104.21432;30.75661
f5047d4f0f42edac;104.09558;30.79042
7bf04e2844c9bc9b;104.0811;30.53615
81ffe6cf42304659;104.0874;30.79755
32a2b07b0a9f1973;104.04032;30.4328
2debe6ae3fa8ef6d;104.0485;30.70379
e047b0ce648a1f6a;104.02399;30.72516
3d5c7b73e6d12008;104.16944000000001;30.86556
fe77982fb186857c;104.03624;30.459529999999997
bc719a48c782c9c7;104.16315999999999;30.789620000000003
86069ca54984cec2;104.10174;30.8199
eaa617fa18bf6886;104.27323;30.577070000000003
a76eec3c443038db;104.2224;30.703020000000002
868abcb5aaf24ab1;104.26908;30.55743
95b1d6740745a8f3;104.24106;30.79147
cab39711b6174a71;103.89574;30.524459999999998
16d104dfc6f7d8d7;104.1895;30.638720000000003
e78db84af057af55;104.15704000000001;30.80658
08aaa9b5375939b5;103.91346999999999;30.890790000000003
3e0db8f13f948f16;103.97081999999999;30.794620000000002
fc81e949ac66438a;104.13436;30.698520000000002
6c8b6c1664c8c75b;103.99955;30.56108
5b1b68fb3e3593bc;104.1448;30.84052
1c2bb55248ae1f92;103.90365;30.656290000000002
ff5d694102b69b2c;104.31313;30.856759999999998
571321e8c81a9f49;103.81396;30.68812
1c0be95020115a5b;104.14631999999999;30.479059999999997
3ce747526d1b1ab2;104.10998000000001;30.859209999999997
8459c868ef4bcf68;103.88348;30.55828
5e672c2d574a7f2a;104.0607;30.48446
b2a39508756e29a5;103.96468;30.811559999999997
d8ce6475afb7dcf6;103.914;30.566340000000004
82eb2312ad9113f0;104.18133;30.645870000000002
b6a3999a39176dc7;104.08945;30.80738
317ea950ce3202f0;103.92214;30.55922
e35e464fed83708f;104.25938000000001;30.740540000000003
7c29d6bc467bb809;104.30428;30.677970000000002
f1ecac0e4f04ed12;103.99342;30.57801
c54a3a1eb5875c4a;104.28585;30.68245
dcef2c1d960b3322;103.88118;30.68742
fbaa383ce45f269e;104.0485;30.6574
183805f6800d6a6e;103.87262;30.879929999999998
46deaa47b6ca8e4c;103.8401;30.815620000000003
6c06af6b3c0c4a49;104.21791999999999;30.5441
19bc951e0c72858a;104.06285;30.818929999999998
55c0105c601ee7b0;104.08514;30.46306
2abb2b2a01fa36f2;104.25884;30.554759999999998
090d68df506b9670;104.05666;30.65028
886b4993982926ff;103.92618;30.57882
d4e84be27e7e7cb4;103.77096;30.760109999999997
3b57a6c7c13c41e6;104.06478;30.50408
21f43d0282d18a71;104.0342;30.867070000000002
3244b6b71cd07827;103.98326999999999;30.529
4ec7c2e2e2fcc0e3;104.11386;30.64675
5c331d6f6d5495a3;104.19166;30.694979999999997
198d0463c1b51a07;104.06694;30.83858
cf5a9ea80eba9569;104.15512;30.889670000000002
1299e4a7eff212ae;104.03624;30.69128
8ca837f2e284ee1a;104.31104;30.84692
40d2bb9deca0751b;104.10151;30.5415
310136fe4409c87c;104.0852;30.555770000000003
99f7373ee601abeb;103.97693000000001;30.82408
7db96b441ba48546;103.97493;30.767879999999998
56779cab91597fda;104.00558000000001;30.77598
03f2beddaf812c7c;103.76312;30.6746
79a0fe15e57e8f67;103.97501;30.675140000000003
0bfb6a76e072e65f;104.12191999999999;30.54685
dcada75f2b241466;103.98324000000001;30.575329999999997
2afb6a1d9b8d2440;103.84034;30.72294
4b87ff9bcdd961df;103.86495;30.6553
9454535ceb37eba4;104.0873;30.65833
7e17b1ecff26cca5;103.98314;30.71438
cdcfc2b4be543d56;104.05866;30.521
36f33d307ff912d2;103.92605999999999;30.67148
7ddbcc6dbdea6778;103.93024;30.59843
4b539521f58a1b6b;104.10155;30.58788
8fc180d61d059365;104.05256;30.5843
9151b81eb7871705;104.20822;30.77358
16bd6b73bf2cbd3c;104.12598;30.5201
23699ad1e97838b2;103.87695;30.760479999999998
a8abc34fff8c59bf;104.25341999999999;30.803990000000002
bb35f0912f90f9b9;104.03013;30.522779999999997
e91efa16f3e8160f;104.05872;30.70648
2098489ed5fd3894;103.83644;30.657020000000003
38915d36c138253d;103.92599;30.71783
6d27b658006a3e02;103.84671999999999;30.61342
88b82d5ae3f7548d;104.0342;30.820659999999997
13809dc142c75d00;104.18932;30.545920000000002
2ec67eb25b3eb4e3;104.14473000000001;30.794059999999998
8530fa3530dee5ea;103.92612;30.62515
f079285ae7f75c8f;103.89936999999999;30.7757
d159e3031600bdb6;103.94036;30.64745
0734d102efc65f75;104.16705999999999;30.669970000000003
4816d2626f6e4244;104.02402;30.49338
1cab66ce876e0cd8;103.79302;30.868009999999998
93e7560f305800a9;103.7676;30.55538
b1f19397cfa30b91;103.91977;30.781109999999998
a836f2aaaabbd735;104.29611;30.68512
096bde0016bbf8fd;103.82024;30.62492
cd86b4939419ccda;103.88128;30.6411
ad303f0378fb907c;104.09546999999999;30.6512
4a6b3ca897b86c10;103.89137;30.69012
81b4d696dda8aafa;104.30604;30.59488
ca703433d70823e6;103.8588;30.672220000000003
5e5d4d66d6a02317;104.13661;30.847640000000002
7068b2be0bf09330;104.1547;30.61107
2c5898e26492fb2d;104.10372;30.73687
56213b2244c35f38;103.88908;30.81935
5ba74b24ea0705fa;104.23299999999999;30.845090000000003
6507b0b015772c85;104.19391999999999;30.797690000000003
00c7f1009bd6e2e8;104.02806;30.8376
5358c7a092b2e920;104.13036;30.771720000000002
6b0cc24480e38c38;104.12012;30.769029999999997
762cd11a20cf27bb;104.18168;30.83163
329b0aefba61c434;104.05662;30.5112
ba95f89219b105c9;103.96066;30.745540000000002
c5c5dd399bf58afb;104.12646;30.937859999999997
0a7052eeddcf8717;103.8809;30.826459999999997
b9a22e5ad3c20243;103.98925;30.74382
8a66c42bd1addc93;103.82601;30.746940000000002
74ea1ff70626e2b0;104.27201;30.846020000000003
e8ed1ec493bc6c4e;104.07299;30.636020000000002
1e9870c196fae6f7;103.88962;30.54138
11395fa18f986ed2;104.20407;30.75393
1499306da860a074;103.98114;30.658209999999997
4d28a50f1880cb72;103.9039;30.517359999999996
c2f945228b74b7a2;104.13824;30.53257
593da189b9c731d6;103.92788;30.82037
4693f17ab0762be0;104.1141;30.878870000000003
9c4fb28d12e76c54;103.95674;30.586879999999997
b6a1bbefd0a69630;103.94633;30.76959
3df92605b1efad64;103.85298;30.55022
94ec069b4d29b2b6;104.13008;30.539709999999996
1c771a2dbaf2b125;103.96692;30.589570000000002
f3fe78715775d3cd;103.87541999999999;30.5191
5ff970297f3ca58a;104.06481;30.59678
951274245f9af3bd;104.08108;30.4898
01c074a9828a20fb;103.9547;30.57708
4e6b60761ce6ede4;103.9505;30.69649
aa765c413c635f48;103.87888000000001;30.816640000000003
d652890244db2f14;103.8606;30.77468
64e931ab105cb264;104.06274;30.494259999999997
74f3d1d03821aa5a;103.93643;30.5352
7ccf723f12353b3e;104.15249;30.50848
5e9b8515473207f7;103.85477;30.65261
7be9d462cbf515b4;103.95862;30.735740000000003
7f6b780eea93b409;104.1098;30.67352
c1df1281348b627a;103.97711;30.59225
cfeb2c94c67447d6;104.16698000000001;30.623559999999998
1ec299ac72244ffa;104.07308;30.82163
b70d6b31c926f934;104.03215;30.764429999999997
8d0e34ab2df0fa74;104.15290999999999;30.786929999999998
53e5f5b4b51656aa;103.92416;30.569020000000002
69339be3db147069;104.06484;30.68954
277cac3d010dd9a3;103.93851;30.498690000000003
abdfb88ede2f43cf;104.12424;30.78868
fb9ca08dd3067b3d;103.98097;30.89013
379300c20ee553e4;104.12203000000001;30.63962
93276aa32bb7a639;104.1302;30.632479999999997
e258643339fafa6e;104.17531;30.709259999999997
a82962322375d219;104.26700000000001;30.547620000000002
ddf358ae11972e63;104.10799999999999;30.942290000000003
b9946b4721458be4;103.76728;30.647920000000003
d657303a8f8aa99b;103.82011;30.67122
155c6ab8d0a9a0bf;104.29979;30.56542
c89fe67fc50bb8d3;104.04644;30.60122
d666f29eeafa4482;103.85086;30.586709999999997
642f582cbe13d950;104.16507;30.70658
f4feb1a378262805;104.03012;30.615479999999998
4877afc0f8f8fc01;104.18968000000001;30.73159
88e0b7e48eddd6e7;104.15675;30.62088
b6b7ed5a523dd571;104.2301;30.51018
2cd74b6d6ae6be16;104.25910999999999;30.64763
ca011832c994c057;104.11204000000001;30.869040000000002
959eb0657df4d011;104.16102;30.73335
66c94467c8d690b9;104.0976;30.753829999999997
91ddb22e11f8988f;103.81194;30.678320000000003
2997da48af3d957a;104.05866;30.474659999999997
fa7248c2a1040346;104.10163;30.68065
6bec7f75f6836a6b;103.87100000000001;30.684720000000002
d40bb686e63660f8;104.13866999999999;30.85748
4b374c4b5d2806fa;104.11816;30.852079999999997
92c986b04e57c0a3;104.14692;30.8968
b0a4bc0e35c6f566;104.05054;30.66722
19119703198f21f7;104.11606;30.795809999999996
25af163cde886f41;103.9119;30.602859999999996
dd5aeea380406982;104.06689;30.69935
0f296fdd8c81af3e;103.80391999999999;30.639120000000002
23f3ccf4acf23e24;104.2368;30.72535
f2de7e1d0d4f0637;104.10774;30.6637
e368ce99e17b02ab;104.10348;30.4586
8ee47734c3e2b237;104.17556;30.8486
c5a2ef6c5be70d65;103.84828;30.80851
6b6d66e2dc5c90b7;104.02808;30.6984
8584f4682edbfb74;104.0077;30.553959999999996
56f9153a1e45ee40;104.15896;30.723540000000003
3f1573fb74f8c04c;104.21007;30.690520000000003
6a3f68002d34a157;104.08126;30.8145
c05399d011cdaaa1;103.8181;30.66142
cad946f12373b605;104.20976;30.55125
6c02d478a91414bc;104.0526;30.769820000000003
dddde24653005bc0;103.99324;30.902659999999997
069cb42cae6d286c;104.22838;30.6396
02cba94d3505cf2d;104.04032;30.618159999999996
d14667e9fc01617d;103.98721;30.73402
d0aeac1b273c68c0;104.05669;30.743059999999996
84db4aa185101b40;104.30812;30.604709999999997
9a8228d3932acdda;103.88338;30.60458
78d5bb8363b1b653;104.13449;30.79138
7a687c01bc7e2192;104.0301;30.84742
2dd740007df13404;103.98505;30.909779999999998
4ae395622ac1c55f;104.23496;30.80844
323459b4eb7e403d;104.30188000000001;30.57524
a5157366804610c6;104.05465;30.77964
e39b32132e4abc30;103.95858;30.7821
90933b5d44bd6414;104.22677;30.815590000000004
0abb39e94f60a796;104.13848;30.718159999999997
7658119722338ba6;103.96903;30.50672
059c75b12c7cfd30;104.14652;30.618209999999998
4b6f2ddd673db412;104.06283;30.77252
1a8125f7f7508c62;103.88136999999999;30.59478
dfee96c50af55fc3;103.93200999999999;30.79363
208a9f4c4bc1c42c;104.1894;30.59232
4bd0daed2a880f5f;104.19994;30.734270000000002
a15fc6a8bd4985bb;103.8114;30.86363
5bb099d4b2fdd17b;104.12392;30.51029
d71c4778a4b67acb;103.99327;30.85625
90023e59e1016b6a;103.99134000000001;30.6609
3836604a749f163b;103.90996;30.546740000000003
b969ad099677f161;104.30076;30.844240000000003
a2877d6a7b788fe6;104.25483;30.581559999999996
6f78e97e78d4bb57;104.27158;30.70658
9bf4afb555b4c878;103.8382;30.759459999999997
c2ed2b91f655e01e;103.77344000000001;30.63102
a910b5067485311f;104.01786;30.69572
0e1ac1ca07915606;103.84862;30.66951
7263932d4b8ab305;103.9852;30.67783
1815e5407e8b673a;104.24277;30.661920000000002
a232d421b7e268ee;104.26728;30.64048
6c4db711ab146fcf;104.27531;30.586879999999997
f97e13220b37a7f8;103.85098;30.54042
03f7f07ecbf2a3dd;103.88504;30.79972
3588fd3221af2205;103.95886;30.50405
3dc670e9372f8f1c;104.06886;30.52368
2c46f308af025d31;103.8503;30.81832
59d583f92cfd051d;104.25314;30.71105
5018e175712c0d90;104.24911999999999;30.73785
12b09589360e780c;103.77376;30.538490000000003
7173507d6297eab9;104.11811999999999;30.805640000000004
3acc275279e27dad;104.04236;30.535259999999997
8aa25413f4dc749e;103.98942;30.465770000000003
e3bd012760879bf7;104.13042;30.81816
d16e1da4de31dd13;104.00569;30.49783
af4a90c279ffaa6b;103.99946;30.74652
eb9163b5d4232661;103.9974;30.7831
390a600ae7dad222;104.01581999999999;30.6859
95b8a7522c032e75;104.11006;30.95213
485d161fdca80332;103.99329;30.80985
2c84e344fd131a4e;103.95654;30.77229
accca8f385888ed2;104.16286;30.60393
83c3eaecee536023;104.04034;30.85013
d85e7d1aa9fbfebc;104.10384;30.876170000000002
b51fecad9e0b02bf;103.89978;30.544059999999998
accc4b86f8cd7334;104.10167;30.72705
f104e00abb07c274;104.23472;30.71552
8daa41d459cccd86;104.0076;30.8322
cfda38f4cc3d1770;103.90552;30.758779999999998
e7a8906de75719f8;103.81636;30.559040000000003
9694e8428b2bd39e;104.04848;30.518340000000002
c68cc04674fa178d;104.2695;30.69675
5f58bf7212061521;103.86103;30.5894
52968024eb5a8c68;103.99131;30.707259999999998
2eadb9d8f64572ff;104.04646;30.69398
5fdd44d1a92470ac;103.88109;30.73375
6d304f4597f434ad;104.01784;30.7885
1519a14b9f87f9eb;104.22044;30.73964
b149ddf88f681f57;104.09976;30.902959999999997
26a416c853f0e598;104.02401;30.586059999999996
d7cf95f5175f2094;104.20563;30.53162
88d2083e762eb721;104.02604000000001;30.59586
0102074a005f3ef6;103.9465;30.63053
6036d235abdda79f;104.24252;30.569059999999997
0bd99822db7199c0;103.92579;30.85694
6776a735864a0c4d;103.9181;30.53963
6ab1887e4e1be87b;104.19776;30.678
b6ce6b8485c72a1b;103.8976;30.62688
641a3f669400dc3f;104.03624;30.6449
2657ac9818dc2c16;104.15719;30.8995
cf132375d0c314a9;104.01382;30.53704
fdb8023e6e15d117;104.13443000000001;30.744940000000003
b4285df39e37c35e;104.06898000000001;30.80198
d742a770b0b30a45;103.92828;30.54232
9be4ff4168d082d4;104.16714;30.7164
865988e12195040b;103.92782;30.86676
aaeeae6f6821e927;103.75946;30.56247
13d2c910f22d49ce;104.0709;30.533479999999997
0d3737cac500f237;104.08728;30.61195
7ec074160c4649e9;104.08521999999999;30.602140000000002
fb99a5984f85b7a5;104.01373000000001;30.861659999999997
866331065c9acfba;104.04236;30.48892
b6849a2b4ab81da7;104.12836;30.80834
799f8d2148e7e8a4;104.18751999999999;30.67533
4f78323469c52960;104.23288000000001;30.798609999999996
553de4886b8abbcb;104.18375;30.841459999999998
6f199f7e703992ed;103.97102;30.56284
80972217d6567c55;104.09349;30.73418
6ff533dd43e66749;104.16301;30.69675
3ab1891b193fb070;104.28244000000001;30.89521
453209d445f3c50a;104.11213000000001;30.961959999999998
f93badce2cd0a36c;104.10984;30.719920000000002
894cad834b0e00f0;104.18564;30.75838
9afd17256c79e118;104.23886;30.73518
c8bcc56cd00c97c1;104.07711;30.702040000000004
01047fc1096c9151;103.97904;30.74113
714ae48496bcc332;104.04647;30.786759999999997
5d52ca7f6d24266d;104.2324;30.612820000000003
bf518346880c2e1f;104.03013;30.56912
9aa87790987b38ae;104.23229;30.5664
45ad5a81b8a8224d;104.16484;30.56735
b4df4c21a0226600;104.25496;30.627990000000004
68bb38866290435c;104.02192;30.80814
70c76bc6259e99e4;103.96093;30.467540000000003
36924826a5d386b9;103.96463;30.85796
ff6e5bd1a65183b6;104.18556;30.711940000000002
c166a2137e03b0eb;103.94445999999999;30.620720000000002
45133642c883ffeb;103.96494;30.533440000000002
aa88ee1ed20efdba;103.99749;30.597620000000003
27ae3e57a669a2b7;104.09356;30.82703
7ad6e25caa802b33;103.88531;30.6607
790e4d69362bef53;104.10552;30.4684
32d3f46ed972de1d;104.28035;30.88537
b90974ec19284d73;104.15668000000001;30.57449
e215af9416d76198;103.90801;30.49066
74a7b446b67f58a1;104.18177;30.8781
bc332e5ade476c06;104.2247;30.80576
c2a740e027ecf9f0;104.00152;30.70996
97243677f83bd758;104.09346;30.68778
d3714e79ff452663;103.90164;30.64648
25619c7e59a219a8;103.91609;30.529840000000004
70a9bd34956a1534;103.99128;30.75365
965f8d6fc4b5732d;103.98526;30.58513
1bd4b258d2555ead;103.80593;30.64892
44276ba792abea3f;104.11577;30.51742
37291c50e5ee8664;103.97704;30.68495
32e3f2fabff90c49;104.14254;30.69138
8d7f8e30f8de21fa;103.8712;30.5921
e004be39f80d7a99;104.16736999999999;30.85574
9174a72646d91cb3;104.24497;30.7182
6c23d67064724abf;104.21410999999999;30.66372
cadfa356d5eb2546;104.21781;30.497709999999998
4299a23dabe64929;103.9548;30.48446
e36139e53df9cc71;104.19599000000001;30.80752
6b4b8a22da2aa33a;103.99123;30.846420000000002
4fc4d5b75d30e71b;103.94655;30.5842
6c35a76595c7d644;104.08335;30.870759999999997
2c20963dd3be48dc;104.07092;30.57984
83d86fd834be3496;104.11194;30.776159999999997
1c2964e2331d94d2;104.14242;30.59858
8dfb03fa4b042de6;104.08743;30.84398
1717b97eff7e8d3c;103.7873;30.74592
57b93a3a454e02f7;104.18321999999999;30.56288
3ecd2669572b9252;104.00146;30.849140000000002
2098f2600f7d9afa;104.08936;30.66815
9f46ae39b6a7ccc8;104.12033000000001;30.95484
edbc9835e03eabe4;104.17317;30.65301
c5e0cd5df24c7703;104.00764000000001;30.7394
06b7dfef8722f607;104.04238000000001;30.767120000000002
0f56bd4355091a03;103.92985;30.87658
f4b78f74ebe4f952;104.19944;30.5022
fc7364504e40b1b8;103.98724;30.687640000000002
63f3986e9211ed3c;103.9789;30.92672
2c0ba112ee546dcc;103.84046;30.67662
e7a2379cf2d3d50d;104.13649000000001;30.754759999999997
eeb6fd22378fb946;104.09339;30.595
8a96f1f786c83282;104.05461;30.5941
ca7459f88cc94ae0;103.9443;30.75978
f833327e2e48244f;104.05054;30.7136
e3c1605fbe05f4d1;104.09742;30.521890000000003
78fed765b3c73301;103.86858000000001;30.8603
a0aecf3970f1e4e7;104.04236999999999;30.627979999999997
9a41e2651354e361;104.16086999999999;30.640520000000002
0fa229152b0794f1;104.20418000000001;30.80038
14f932868a9fa736;104.24265;30.6155
34b7d3dd85beb74c;103.99551;30.49516
12b3af81350079be;103.96088;30.513840000000002
720c4f788cc3b0ba;103.93016999999999;30.644759999999998
ab8e68db15e2a650;103.98928000000001;30.697459999999996
8ef527c070a06b79;103.85075;30.63301
1537982892eeebad;104.07099000000001;30.71898
f9c94b50a42500c1;103.86898000000001;30.67492
ebd374521c9dba6f;103.98916;30.883020000000002
bbecdf0910609df5;103.90544;30.80514
a43038b1b48ff3cf;103.84448;30.69622
8790edb61cd28aca;103.84472;30.603620000000003
d94a2d82685a7c00;103.97496;30.7215
7d2179b3c38b457b;103.88724;30.71684
310c5bac13100430;104.10368000000001;30.69047
60b4166f9f3128b5;104.08326;30.73149
8bb2c5ebcdb54493;104.07096999999999;30.672590000000003
974a362ea28bdf84;104.25966;30.83349
d49b65dee89fe217;104.03828;30.515659999999997
69cdc267aa14ac09;103.83015999999999;30.720240000000004
6b91684aa7dc7101;104.02399;30.67878
790e34b1204eb4a0;103.98518;30.7242
7ee0c5a99dd26bc3;104.22032;30.69319
afcd0b4d243baf7e;104.04852;30.796590000000002
0f73e7e83871fe2c;104.30284;30.85408
819e4b292c89043d;103.87753000000001;30.48262
571206063d7afe56;104.10578000000001;30.7467
e0d6085e76fe5325;103.87522;30.611690000000003
879e014e80405851;104.24704;30.72803
d9ec67e21e3a94e1;103.96907;30.460420000000003
1fd7654d3c3af17c;104.20356;30.52182
2d899becb044b7ba;104.208;30.68068
509aa103b947771c;104.2412;30.83795
e60c5c007507bcb0;104.08124000000001;30.768079999999998
ad739c6fa35e693c;103.98935999999999;30.5584
299a538e16fe8381;103.91586;30.66879
c0db5f288324c591;103.7839;30.541179999999997
ff7f4287740467e4;104.09533;30.465740000000004
ef0c586b8098442b;104.06693;30.79216
8a2d2dd4305a7375;104.12435;30.88157
e3a83d457de79fd3;104.1038;30.829720000000002
65addb47eff56c84;103.96895;30.59937
b2a648624a36bf2a;104.12831;30.7619
4c0865213d634164;104.18987;30.82449
8ea3880ce46c719c;103.99136;30.61455
4b4755a76aeb32f3;103.94842;30.733040000000003
a4489cb381bc47c5;104.00766999999999;30.646659999999997
a867d32e7a15429a;104.26964;30.74322
8389b3717e0e9195;104.03828;30.608359999999998
a7ce65024bd9a1f6;104.05256999999999;30.63065
fad9ddf21eea402c;104.075;30.5531
64902500c3e9c92f;103.90131;30.831879999999998
86ad32231bdc5d44;104.23899;30.781640000000003
a625fc7b2d1c6435;103.96084;30.560159999999996
82e188502be3b4eb;103.81409000000001;30.641820000000003
7e7896da107932e3;104.01172;30.759040000000002
4c443b7a94e7730d;104.33489;30.63952
dda74f02c2774720;104.19176;30.74142
61825f9c27435ef7;104.23655;30.63246
2c0b40a964c07f6b;103.90358;30.70262
bb5404544ea075dd;104.11601;30.74938
72aab59f03cf0f11;104.30653000000001;30.734270000000002
8a0e7a01e7bd8289;104.01988;30.79832
e6fa61de3f49ce6e;104.2634;30.713729999999998
75b96b13ec7cbbd5;103.92208000000001;30.60554
32c7ebf4f4190ab9;104.17506;30.57002
b2d557e7ad153625;104.2164;30.766440000000003
e07508edddaa6f52;103.96489;30.57977
e29ae8546c978f3b;104.0915;30.8172
5c00dec1341f4d7d;104.2407;30.6521
a863a7e0fba1f8a8;103.91998000000001;30.642059999999997
da631045b038ba16;104.23484;30.761979999999998
fecb87952e67e4d5;103.99528000000001;30.912490000000002
29a68d56e43abe15;103.977;30.73132
b1588983d3e22f78;104.09772;30.89312
f793d0a59af27931;103.98510999999999;30.816959999999998
31643b1d4f5c119a;104.27006999999999;30.88268
275f2b83d6bdb671;104.31924000000001;30.839779999999998
16c8d5e7153d2ce4;104.10976;30.62712
7947f2851f62f221;103.99338;30.670720000000003
d888c6de1819b1f1;103.78081999999999;30.85548
8a3e4fd75e40f25f;104.2547;30.535140000000002
b07ea9afe21d3c58;104.0608;30.809109999999997
24b2cb1737723e8a;104.02808;30.60568
cdd0db438c04fb41;104.0854;30.8806
27b10f31141349c9;104.09148;30.77078
00dc67929d67fa4e;103.90592;30.52715
541104d3641295d1;104.08525999999999;30.64852
958270a54bda56a7;104.23217;30.52
577196a5250b31d5;104.22400999999999;30.52715
7232a64415fa7c0f;104.22631;30.62978
8a1313c9a61cacb2;103.86485;30.701629999999998
0b86b53e61681fa2;104.0954;30.55845
2e3b83ba251c2ee9;103.77128;30.667509999999996
c3e38c785925a8d3;104.31021;30.61453
7ae65043a45efdf7;104.28421999999999;30.812040000000003
8a1ea954f12ba2cc;103.97907;30.69476
0f653a322f7f2709;103.99752;30.55128
e2addcbcba9928e6;104.16530999999999;30.8459
feff7ef1c36e0376;104.17729;30.67265
0da650d2e1778541;103.86081999999999;30.68202
1d4de1145aa14cd2;103.97086;30.748240000000003
3e43cf9a0d87aefb;104.06681999999999;30.51388
60c2de32dca6e6b4;104.25758;30.82365
972e69e6813accb9;103.96878000000001;30.7848
bc6ccad91a69a805;104.06687;30.652959999999997
c7dbcb61ecb47018;104.3358;30.871979999999997
6a54e2deaeffaa89;104.02809;30.55932
40b39b96346c4bca;103.98533;30.49248
21cc0ca285575aab;104.12224;30.825290000000003
7b7930a75b961826;104.13667;30.8941
73d6ac33a1ffe0d2;103.87907;30.723940000000002
c9a40226a445af99;104.0118;30.480909999999998
668a8a722c0aefd0;104.17102;30.59678
f401def5696f0c55;104.0138;30.629720000000002
3aa0ba128e0bc084;104.2078;30.587840000000003
2d935d3d84f10085;104.25522;30.720879999999998
9217e32fdf4b0d24;104.13242;30.781540000000003
7d683f0e24de6d08;103.97918;30.55572
1a58df7312309bd0;104.03216;30.62528
4041553b7ed092e6;103.81436;30.549259999999997
33cab4bfc3851e69;103.8177;30.80038
3c8630bae07df3ee;103.89348000000001;30.65359
4be1e82482dabd2d;103.9341;30.75708
9f44d178cc410349;103.92012;30.549429999999997
e8c28e64215c5e9c;103.94436;30.713409999999996
4cb22bd17b36eb20;104.01586999999999;30.50051
b8fb4a2edafc08d1;103.93213;30.700909999999997
1549e920371041ac;104.17523;30.66283
78f64776efe58a29;104.0833;30.77791
45c356426b6b7005;104.01578;30.82508
2d72b04b4cc72754;104.04032;30.52546
e7022460f0c7601b;103.99546;30.58782
53ede04d80395af4;103.77744;30.65062
8ec3a4205f51539b;104.2573;30.73071
e1a61d4b9cbfe1a9;104.05665;30.6039
dc3dbef157e6d49d;104.00143;30.89555
724a88670b965e5a;104.07706;30.609270000000002
1387272a9056ee78;104.24743000000001;30.86745
949660e77d8669e3;104.01380999999999;30.58338
1160783ad814de2a;104.03218000000001;30.43993
86f7c52ac9beccc7;103.94836;30.7794
f18bb4db1e793344;104.24132;30.88444
95aa0c6973770861;103.90568;30.666090000000004
0c196347357fa044;104.19954;30.54859
56582b62268c13a8;103.98733;30.5486
e6c655be05389592;104.1446;30.7012
8e2bad62a2d6650e;104.00758;30.8786
c95b37fe561a2ba5;104.25262;30.52532
7c02d4acd56878e2;103.81222;30.58574
aada8f5ae067d90a;104.17291999999999;30.513820000000003
a18b451ea267f8e5;103.97309;30.526320000000002
fd52ba1ac1152aee;104.10574;30.70028
31886db5b146394a;104.06894;30.70917
b9e8fb191c040d88;104.17746;30.765520000000002
cd25ad01d62077a4;103.88329;30.6509
bb3f10ecc3b6e603;103.92998;30.78381
058c2549977675f0;103.89119000000001;30.782809999999998
c98dd8d7b2dd8ac6;104.1306;30.95754
02a532a7b895c369;104.31732;30.876440000000002
9e7b5ed6c6ca04dd;104.18762;30.721759999999996
1352a67971810995;103.79977;30.66582
bbe5bd83d45eb0c5;104.21848;30.776259999999997
accc7922ee972481;103.76895999999999;30.75031
1e6d3ddd00afce1a;104.28392;30.719079999999998
5d97390c9ea625c6;104.0179;30.510309999999997
df1da47db856ccbf;103.79504;30.87782
8493df787a9f6923;103.93004;30.73745
e54fb7ddd7745fcb;103.92801;30.72764
005c12cfe271d68e;103.86241;30.877209999999998
e2208c00d74041a8;104.13418;30.55933
eb7a2ef9ee9743d6;104.2077;30.54144
9d6360c541cb13c7;104.05458;30.5014
f4bf5ad5d7cc4e83;103.99148000000001;30.42926
2bd0fe82e6ccaf55;103.9363;30.627840000000003
3dc3a0d7bd9f272c;104.01584;30.639540000000004
4ff0c47fe4f4d6ed;103.94863000000001;30.54768
7ac6da1c1ea9b211;104.16523000000001;30.79944
e7c52c7a8a41c2e0;104.06282;30.72611
0d5305dc6a160266;104.28169;30.6628
804e62f0bb1cc765;104.2659;30.863000000000003
f075c4dcdf6b7229;104.28645999999999;30.86838
0876fad9a290ad6f;104.03828;30.79389
0c608c7fb57f7453;104.07919;30.758259999999996
add1427f8413d2c9;103.90342;30.79532
158c64bfc10932ec;104.12008;30.722609999999996
8ba872cae390cf30;104.03624;30.8769
6f7c2cbd5b943c17;104.20023;30.873659999999997
cb8cc9b7fb2ae529;104.25068;30.56192
cfea0172d6668c97;103.94617;30.908759999999997
e61bb404a62834d3;103.88715;30.76318
d6c21eaa0cab8156;104.1959;30.761059999999997
4aee276614d8caee;104.14426999999999;30.46926
f3cbf711be9b0a4b;104.02809;30.51298
f76ea00790087c76;103.94830999999999;30.825779999999998
5d13c80a066ff401;104.2945;30.814729999999997
e53f2aa37d158589;104.16729000000001;30.809279999999998
b04c895bae0fc9b6;104.2104;30.82988
bc8495499e076192;104.08324;30.6851
4e3ede4a89283b66;104.14061;30.774409999999996
9d19161dec60e95b;104.25562;30.86031
28129de1881e438e;104.04033000000001;30.71092
a7b671a8cce2698a;104.1754;30.7557
7514c3ee86caf57f;104.06071999999999;30.57716
97b773652feb2738;104.07297;30.58965
51cba7e7a2ff6573;104.19194;30.83432
f41dd93eb2f08d17;103.98921999999999;30.79022
0cd7c60bd574dfdc;103.8808;30.87283
aac8c7276c0b3235;103.97504;30.628790000000002
c0627a358ab89e97;103.96278000000001;30.662640000000003
2f9438de5a982d97;104.05672;30.83588
88fbf71956953165;103.90536;30.851509999999998
93d6e6e88463f763;103.96291;30.523640000000004
d03054d7d310d15b;103.86304;30.5992
c78b9635bf567cde;103.90794;30.53694
6f6199e5adfae848;104.24045;30.55926
926ccf463313a954;104.16911999999999;30.67979
65da3bac697aacd4;104.13611999999999;30.4764
aa6cd8d29f01a160;104.17126;30.73605
956c2348659b8204;103.88513;30.75337
b45278d8e3dd712b;104.07504;30.645840000000003
d2a64df916d6c9c9;103.9504;30.78922
1db2201cf6f83370;104.03829;30.88673
4f59bb2848f80770;103.97893;30.8803
6719bed7f6da6e08;103.98736;30.50228
80c7d26ffcbabaab;104.17548000000001;30.80214
156712793aca5697;104.08922;30.48268
7d2d25125ba6302a;103.87503000000001;30.70433
6a56e02cfc230303;104.18366;30.795
b479c9eda94fc033;104.0813;30.860940000000003
26cc2810daa962a8;104.18592;30.89777
efdc464aaec48776;104.00354;30.76616
831bc4ae8f32d44c;104.24938;30.8308
e0303ca0bb3019d5;103.87935999999999;30.58499
9ee087ac8b7b63c9;104.15476;30.65747
7fafdb3e32a78a09;103.8911;30.82917
9fbfdd3bb17510af;104.0505;30.435470000000002
81d5405aa5644e4f;103.83632;30.70334
8bf22e17b7f6f314;103.96670999999999;30.821379999999998
45bc3c0de33e569b;104.11171999999999;30.544179999999997
a253ea6ae9151722;103.8735;30.46303
c4b054aa91402d01;104.07916;30.711859999999998
170efd33888e949d;104.13466;30.930740000000004
1415854ca1ca8351;103.94221999999999;30.796329999999998
37befcbdc7c36a02;104.20003;30.780720000000002
aac81df5fb75691d;103.80322;30.870720000000002
f804803dd1285ce1;104.0342;30.727859999999996
ad4bdc5ba79a0909;103.90778;30.62957
07dcdc1cff3bc263;104.17953;30.775340000000003
96a04f45f98d6cdf;103.83608000000001;30.795990000000003
9baf2d430c83f4f6;103.9239;30.75437
83d6c8d196612195;104.21803;30.59052
0270af63ae10bcd1;103.89549;30.6634
3464a873df0db7bb;103.98711999999999;30.87319
a39d5ba4c57a486b;103.96700000000001;30.49693
46b463ab588d38fc;103.95278;30.474659999999997
6732f22d15547417;104.1077;30.617309999999996
cf4f05ac77929d55;103.86919;30.5823
2be61988c94db68a;104.04642;30.4622
711c2fa82d172fff;103.95649;30.81868
a8ccaa1ca751ee58;104.21869000000001;30.86921
dfc52c435ad105af;104.04644;30.50852
b871d91e981d1ac8;104.1408;30.91378
91c3d32a37c02041;103.93828;30.68398
128deaa21c646d0d;104.23666999999999;30.6789
c6536473f0f62a36;103.95248000000001;30.75266
03910a29d719d579;103.90334;30.8417
b97ab006193a7187;103.86666;30.80412
a808bd2970109f9e;104.14067;30.820859999999996
e9140d16efe74302;104.04034;30.89655
c61fa1982529249e;104.26187;30.88982
7678588afbebd5a4;103.91377;30.70532
62d8702223973455;103.94638;30.72322
883629064fe052c6;103.95456;30.716109999999997
8b4096086affb09b;104.10758;30.4782
56c215d469aa09c2;103.81998;30.717540000000003
ba016aea8a46b04e;104.25275;30.571740000000002
d3250ad215d00e29;103.84684;30.567120000000003
4bfb4f183c538778;103.91405999999999;30.52004
8f8b5b1d83a0a9ce;103.88935;30.68031
942da3b21cde186b;104.02604000000001;30.642220000000002
e45b8f4573ae4b06;104.04441;30.63778
e7461c1791945f78;104.14845;30.53524
3c1d241d70fcf4e3;104.1791;30.54325
a317d32d6af342a6;104.32654000000001;30.60022
1034f5b762c6ff2f;104.2799;30.7459
602f92aa0525336e;103.93428;30.61804
864aeb6d27f6116e;103.92808000000001;30.68129
3b7be7b6774b122b;104.0158;30.73228
0cb3b9022ea8e0d0;103.91557;30.85422
c4767a54049a3600;104.10970999999999;30.580740000000002
820535708cc56c72;104.12002;30.6762
ed112fee73559284;104.24665999999999;30.5887
5e0cfb5cfb7c4deb;104.0301;30.801009999999998
2e7086d77fc6e41a;104.27826;30.875529999999998
e311488a19abf099;104.25979;30.87998
866307dbdf3029b6;104.12853;30.9477
0d008652298e14fc;104.22666;30.76912
1dba13c5ef308dc9;104.01172;30.712659999999996
21b4e8c5825c6966;103.9507;30.511159999999997
7ff7de999eccab94;103.83216999999999;30.730040000000002
803b0c6a3aca0239;103.95678000000001;30.54056
677aa6c9a057914c;104.024;30.63242
fe646c9d9044d6ef;103.90374;30.609959999999997
d12926cb2a92966a;104.22480999999999;30.85223
521d0f618c4ff323;103.80378;30.68542
3e7e53dc222a7be6;104.05874;30.752879999999998
739842a1d11fe778;103.96273000000001;30.709
42a04f5be7db2f8d;104.2577;30.870140000000003
a8c4695c48cbad40;104.07511;30.78503
5bd6cd9c5da1eeed;103.95253000000001;30.7063
ed259bf317208df9;103.8323;30.68372
099a65d6ef85bb43;104.04848;30.56468
83f73bf4ccf554ab;104.09745;30.56826
25c38ee1b2a0c5fc;103.94054;30.50848
c5ea541daec969bd;103.94238;30.657259999999997
c6a1df156845238f;103.92822;30.58863
ab7915fadd7a2529;103.9709;30.70188
4ec5b689245568c7;103.88356;30.51199
7ed4cc86a72c9316;104.08736999999999;30.75113
83d9e38bb528fc91;104.22596;30.49056
6d9549ae46c0c2e5;104.1322;30.5959
5f61cd1f05d9e2fb;103.95451;30.76248
748821b1d59211cd;104.10565;30.6075
507be503ccbadd49;104.04646;30.74036
d5dd1cb77e552ae2;104.00969;30.702840000000002
b0d33ed23d931431;104.165;30.66015
de60aa16605f7ca2;104.23312;30.891579999999998
23b7aa7d0156eeea;103.9995;30.653779999999998
980ed02867549fae;104.14858000000001;30.628020000000003
349840002e678ce2;103.89743;30.719540000000002
8338464bf1ae9ca4;104.00158;30.570890000000002
15c3a0bbb1a6183a;104.25107;30.701220000000003
889386c312e02f8a;104.08121;30.72168
b28ae973e42fa0be;104.08119;30.675279999999997
fef2c86df9a0f888;104.28778;30.64582
8b09e16421b898c2;104.22884;30.82542
eae23a121eb2ba7b;103.87724;30.62149
be2852dfa2f60b6e;104.20604;30.7173
9b503286af27b2c6;103.87272;30.83356
ac4c33c4b1b120fa;103.92005999999999;30.595740000000003
99af0dae91977484;104.0731;30.868059999999996
39f29f8b1d64ac43;104.20998;30.64408
4d4771cec829688d;104.01375999999999;30.722459999999998
108b77076ecd04c5;104.10961999999999;30.48801
9d23dfcea1155312;103.95668;30.63322
6124d0c740dc4a4c;104.02190999999999;30.900959999999998
71a6373df99daa71;103.78945999999999;30.70942
681f5fa6dc3617db;103.85488000000001;30.6063
6ee298c4a16009ab;104.02192;30.854540000000004
327e5e7b1a4cb958;103.80523000000001;30.880540000000003
8ff7d83960411908;103.9303;30.55211
3b0ccc7d2d1444be;103.8734;30.5093
8344f7bed9d41894;104.17118;30.68962
653b3bfb1e0d3dfb;104.20013;30.82718
70e1cea599ee8bf8;103.95044;30.74285
88f790f5f04f19c5;104.1608;30.594109999999997
d9ad8046a9cdea90;104.12619000000001;30.705659999999998
e53cc251d604b533;103.89784;30.48798
1c6a6f19ee29a807;104.14886;30.81372
feb4e1c39e911da7;104.05466;30.82606
2638807fdf907e58;103.92572;30.90332
e0a2b427f86aaef7;103.93391;30.89622
ccf000ef1f9c9e12;104.14673;30.75746
c1adad85006910e2;103.9912;30.892840000000003
83f4b4302cbb1a6f;104.03215;30.85725
4a7a821ff32fa7b9;103.86686;30.711440000000003
615d5f9ef341926d;104.23424;30.5298
013f37d8edbe8c0f;103.9384;30.591309999999996
c8f3b221e2860335;103.98718000000001;30.7804
056e38d983bf6c62;103.9218;30.79092
47cf226bda921425;104.13424;30.60572
367c8942f852ac2f;103.93816;30.7767
aea70be73062c3a1;104.10766;30.57093
e8956861b9770608;104.28986;30.655640000000002
c1dd8b41bf57c07d;104.2555;30.81382
145c335843b6d577;104.27115;30.56725
36dd8a1f5da00076;104.00968;30.74922
797ae65856fb5d6b;103.92166;30.88368
149ba10cb2775b02;104.11176;30.59055
97d735e6b86ebf80;104.07088;30.487140000000004
134f06cc41d3604d;104.03216;30.578940000000003
97c6fd1c19b13696;104.20573;30.578020000000002
b0a3445c0868cdd8;104.0729;30.4506
2552fcacae30a0f7;103.81181;30.724629999999998
3582f2352d131a7a;104.08724000000001;30.565579999999997
c01e5d4d1815014b;103.98514;30.77058
edc344268c4feb72;103.86443;30.88703
5078e86de18ccd3f;104.08941999999999;30.760959999999997
8fefe6d5bee16f40;104.22608000000001;30.536959999999997
53d17d061764368e;103.86261999999999;30.7845
93c55cc3561971e5;103.85231;30.82814
8e553fc7d045e1f3;104.08722;30.51922
caf824a43c387bc9;103.9155;30.900609999999997
0312d7104242036d;104.0342;30.6351
b97d9c2125c26ca8;103.91796;30.63226
01d154a1dfed090c;104.13248;30.82798
b1d979c67c466e85;104.26326;30.667279999999998
87f6b30e29bdd5f0;104.28748;30.552940000000003
36dab020b02b9647;103.85051999999999;30.725640000000002
f207bdef83f20dab;104.1692;30.72622
81429a64349f0f28;103.90599;30.480859999999996
c54053fd3f135263;104.09554;30.744
367e0efa16933a7b;103.97914;30.602059999999998
3b9c8d234c9b6b94;104.03624;30.598540000000003
7909e9fb0ac4b056;104.05056;30.76
f350762c292e06d5;104.31645999999999;30.644000000000002
2df1e96e0d44cb57;104.20832;30.820040000000002
1c160b6831bbe369;103.84236;30.732740000000003
aac5ec0c646b1fa3;104.05254000000001;30.445259999999998
6f6ef16c18b30149;104.00154;30.6636
75aa2e1c00ecc682;104.01576999999999;30.87149
b772168488f083d0;104.16308000000001;30.74318
263f72924b83f561;104.17962;30.8218
80560898944e0d30;104.2019;30.69765
59a962bb29eb8e8f;104.04648;30.8796
dd156b98b7577426;103.8161;30.65162
d19439b809b1237f;103.82777;30.84944
79b14d85f93977e4;104.0097;30.656470000000002
2d380175ed4277fb;103.96472;30.765179999999997
d784dff2af7f0100;104.16072;30.54772
c7cdabccffda7cf7;104.04239;30.90638
6cf79329435045dc;104.29466;30.86123
41bc6c61ef43d0cc;103.8997;30.590359999999997
100f5f9c5f75b1e7;104.22054;30.7861
59b9e462a0bf9ff4;103.99144;30.475559999999998
a344776ebf984224;104.1466;30.664609999999996
54eed8587d339bb9;103.89128000000001;30.736459999999997
93667eabff8e791c;103.94019;30.78652
f1cd10000b730056;104.13642;30.708340000000003
fe3bc2ce177c6c0e;104.27724;30.550279999999997
b092e10907c3cd3a;104.11001999999999;30.905659999999997
f570d558b025e3ae;104.18115;30.55306
43dcabd23eae796e;103.86707;30.6188
70496b7ad9dc3a66;103.9425;30.564590000000003
1807da3d0f1f9c97;104.03216;30.67165
91ea355bbe0bc539;104.21814;30.636940000000003
8c8cbe1da6cc284e;104.04236;30.4426
b0d99730d1458d87;103.85668000000001;30.708740000000002
7fc208ff79d67fd3;104.15697;30.760140000000003
409476fcffd85353;104.00362;30.5807
1328596e2c217de7;104.344;30.864829999999998
13331343315241e8;104.02805;30.88402
ccbdef31d728b7a0;104.11591999999999;30.656570000000002
a124b756d0f11bee;103.89356;30.60728
57ca17982abafc77;103.99951999999999;30.607429999999997
2c3bd99e1aea3fcb;104.08315;30.545959999999997
c7664ee354c05016;104.12796999999999;30.48354
dc8c3a40a8d3723a;104.22815;30.54678
60e81e56344471a6;104.05256;30.537940000000003
61d7f41523f8183f;104.17738;30.719079999999998
6557b88eb1191394;104.11616;30.8887
651a058d5d633d0f;103.96079;30.60649
73f9ea19c4c5f934;104.11391;30.69315
386c78bc3c226d88;104.12614;30.65925
bea50020bc64b6ec;103.77575;30.54828
557009b5d0203101;103.85869;30.71854
adb7bb616c8cc4fb;104.02601999999999;30.73498
274f1ce0deda795f;104.06891999999999;30.662779999999998
5ea593547b421ed0;104.08746;30.890420000000002
b05e8b784f2ec6a7;103.88733;30.6705
fdc9fb4c897dc02d;104.16904;30.63338
9200a53dba36e400;104.20614;30.76375
a3d53e5ffe0e8991;104.19974;30.6414
b8e4df73d507811c;104.19138000000001;30.55573
b64aa276abe8b116;103.89768000000001;30.58056
2ed66b45dc347c3a;104.06075;30.6699
450cb61faf6c8292;104.00976999999999;30.471109999999996
52d91f5de9032b5c;104.15256;30.554859999999998
7294e62de8024603;104.2346;30.669079999999997
2c66ecdd224fa2d2;104.05669;30.78946
ca9db79ecbd92c02;103.95853000000001;30.828490000000002
df4a8b9c4ad4b0a9;104.3297;30.88898
08ec45ed36fc306a;103.97489;30.814259999999997
0a72988d480b3474;103.90754;30.768590000000003
40d1a135c541804e;104.08332;30.82433
cb2a7c150eb2aa74;104.07304;30.7288
ca8a55a8fa0ec0a5;104.31522;30.8666
e527822e5a4b9a24;104.15241999999999;30.462120000000002
7c9e9c540301c5b8;104.08955;30.946709999999996
8acb05f6f4a80ba3;103.9893;30.6511
ffe9b577fb1f6481;104.17936;30.682479999999998
bcc1e686c7d94362;104.07086;30.4408
5e9ff70c8c2acbe2;103.94645;30.67687
6bcb88da44ad0736;103.94425;30.80615
2b9a38672df410ca;104.1569;30.71371
91882e9a93218826;104.02806;30.791190000000004
b76f795ed9a3d55a;104.01992;30.6128
7bc2bae85baffee6;103.77328;30.67731
3cefd879b69290c7;103.85276;30.64282
78bb7fb1b42591a0;104.01374;30.81526
2fed23707fed4c50;103.8706;30.870109999999997
46c90c25534ab99a;104.07914;30.665459999999996
1aecff4c815a4657;104.29626999999999;30.73159
79f268815782423c;104.23838;30.54944
c76716a77ead16c0;104.17143;30.828940000000003
0282d5f3868f1434;104.00366;30.48803
67774f628d3ecd1d;104.079;30.433670000000003
9af7ec634ec676bb;104.27545;30.63332
21b455f0edd36bfb;104.14666;30.71102
f4b13f353bce0b4a;104.09562;30.836859999999998
1ad133a9747b1362;104.21596;30.5807
e79dcd3682993c3b;104.03829;30.8403
7467383e33397486;104.22641999999999;30.67622
1c6e372fb859797b;104.23436;30.576220000000003
3dc8f4c2a86b1d68;104.02601999999999;30.781370000000003
1e3a35a767bfd376;103.8343;30.69352
9c5930da040e2838;104.00156;30.617240000000002
8a3bc2247b706589;104.29788;30.602040000000002
8c724fd6a6b5876d;104.00148;30.80273
8f2a0ba14e0965b7;103.9077;30.6759
c7c44543ff43fbd6;103.93226;30.60823
29bbf66fa1837628;103.82225;30.63472
1db75f9379cf28e6;104.13014;30.586090000000002
be904ebe1963f8e7;104.10788000000001;30.802940000000003
ef745ffdf9c3c139;103.95258000000001;30.65995
c483bbd6299d9d60;103.824;30.737140000000004
5f565ee50b088fcb;104.22285;30.88888
715649fa7e9f8a30;104.14434;30.515620000000002
b8b964c84778bb01;103.80121;30.86092
1e9c1db535a35202;103.81342;30.873440000000002
d6b579ce5c63e10c;104.23068;30.74232
8e1790041fe328d1;104.13835999999999;30.62534
04417fb63aed6723;104.07709;30.65565
85597f14c4c0f51e;104.1735;30.838759999999997
fa425fae05e960bf;104.27618000000001;30.86569
83334688605b9478;104.16056999999999;30.45498
2c2c6c3c41bcdb87;103.76111;30.66481
3180190446dc6dbf;104.21618000000001;30.67355
751ba39cc92bc3ae;103.93188;30.8864
88d9317a4497d961;104.2863;30.82188
aeb1556825edf1f6;103.83833;30.713140000000003
c211c8e569eb86fa;104.10159;30.634259999999998
5747ca1c79edccdd;103.92403;30.66168
c799400b81c0d1de;103.92396;30.70802
58beb238a84d91ed;104.17324;30.699440000000003
7b2f5d75bac4ba28;104.05258;30.67704
9b3306377ecc98ec;103.9056;30.712429999999998
719d3ff3d107a0a5;104.16888;30.54058
667906b1a60be713;104.03014;30.47646
613f8d7f81beeff3;104.08321;30.6387
42c17d929b7ca543;104.07509;30.73862
5b8402b17b72c6d7;104.07491999999999;30.41408
7e19e254a642f5a2;103.83053000000001;30.58132
2df4dc0783ab9ea8;104.14686;30.85035
a5968662556d6e79;104.22446;30.712840000000003
ffeb8098afc86cd3;103.87281999999999;30.7872
69a6829dec96a6fd;103.88146;30.548479999999998
c7657b33c4e54679;103.97278;30.897240000000004
535cf44543c10807;104.14234;30.552190000000003
d950cd6737278eb3;103.98524;30.63148
d8bd4eefabd1ad7e;103.96285999999999;30.56996
64684a26025779fa;103.75746;30.55268
03e60c2dddff1b12;103.87513;30.658009999999997
e88602db68e579f4;104.05672;30.882309999999997
e1dd39cac75acac8;103.82426;30.64452
29b83670e592b8ee;104.04032;30.5718
3d1777df3bc004d2;103.89962;30.63668
70087506b38c726b;104.29884;30.880909999999997
93aae5855eeb9a0c;104.07497;30.50674
0f501b9ca5c5b30a;104.17712;30.579829999999998
69f57dc207254d89;103.93834;30.63764
968cbb1ad19d4e55;104.03012;30.70822
fcde6383dc8db3d8;104.27738000000001;30.596709999999998
87a439a9bf70c3b4;104.04238000000001;30.85995
4527578454849672;103.81837;30.56884
c271c1872a2e0ab2;104.08948000000001;30.85381
3c480dc17f1b9901;104.05261999999999;30.816229999999997
8517ee74ea246020;104.24521999999999;30.81113
1e1b4d1880ead206;104.11998;30.6298
50b316a0d09d50fe;104.16294;30.650340000000003
f32fb8775b30f753;103.94666;30.49158
4a3624f082c38a84;103.87321;30.6019
6a637710aca04528;104.14453;30.654790000000002
a7b0ea1c695a9eab;103.8522;30.8745
4ccca5326e504dc4;104.09738;30.475540000000002
4d39a34d54de12fb;103.92795;30.774
69b3340835c9c1ec;104.22194;30.51734
1cba5b88715bd788;103.87552;30.472820000000002
d2321939a65de132;103.9812;30.56553
73af9158096a6c27;104.15498000000001;30.79675
8a878c747c4bb9c7;104.01991;30.659159999999996
a6233b965b2ee2e0;103.88568000000001;30.4755
6857d60044e51154;103.77713;30.743209999999998
9a60cf982d2826b1;103.91963;30.873859999999997
b5859adfda538fa8;103.82037;30.578640000000004
dbed0ade35334c47;104.09962;30.717229999999997
98b01ead44643c68;103.86464000000001;30.79431
81235e5f17c36393;103.94048000000001;30.5548
4cb3a083d840ac38;104.3194;30.88628
f6cb602debd696e2;104.12602;30.566470000000002
d83af10ab5814c33;104.28228;30.848709999999997
1029490fb710d42c;104.00352;30.81255
713fb7616c5722b8;104.12635;30.84495
b8c8cb83111f867c;103.88302;30.78991
99734c072d6d3714;103.98715;30.82678
b6ab01724d2a0b92;103.99348;30.485359999999996
c11c4ace8663dd50;103.91572;30.76148
00543f55232a3ae3;104.06074;30.62353
c0829c36675b0f23;104.1444;30.561999999999998
486e1226e1c39b75;103.9853;30.5388
33cedbcf147b69a5;104.28347;30.57974
b3903b2dd653aedf;103.82815;30.710440000000002
cc4d17de41b76406;103.88099;30.7801
b19726fa30929d25;103.95441;30.855240000000002
9d2739e10948e232;104.09756;30.707420000000003
fddfbab3cf125b4e;103.91369;30.75167
cec55227ba67f98c;104.26119;30.65745
8834607f787b51c8;104.18715999999999;30.489720000000002
7d2684c9d84ed620;104.10989000000001;30.766340000000003
306c8c6be88e2a7f;104.04444000000001;30.86978
2df9b76c3782b815;104.07292;30.496940000000002
b2f430c44196c803;103.82614000000001;30.70062
911411a9cf12c95d;104.04442;30.776940000000003
6fd10d5159a5c917;104.01787;30.649340000000002
cd820e4855686372;103.86655999999999;30.850479999999997
1a96a81dc3adf4ad;103.87715;30.66781
5d165179627b9e52;104.24886;30.64495
4be7d9866d761abc;104.08718;30.47288
119ce3b246ad216b;104.17918;30.58965
44bf731778fc6c5d;104.15874000000001;30.5843
073a27b99f823be1;103.89558000000001;30.617079999999998
b5e5d49f4fbbc4bb;104.06483;30.64315
338f67a8866cd310;104.1833;30.60928
dfad7bbefffdceff;103.87474;30.84338
d75353007063fd8f;104.0444;30.59142
885706fc43a3bf69;104.25704;30.6378
ec1ad9200c79d56f;104.00554;30.868779999999997
b511e4165a7dcc8b;104.23862;30.64228
3cf371556b13a7d4;104.01585;30.59318
f0ff88feff29b618;103.82199;30.72734
45f06750e0bbff50;104.28794;30.69228
b079ad0d45dbf575;103.79101999999999;30.8582
ce84e83952d83684;104.12021999999999;30.861909999999998
980bcdde1418b023;104.18725;30.5361
7d97c83cf797acab;104.13655;30.8012
54c95cfe45aa0b50;104.26132;30.7039
4dcb9933b8b6c914;103.82852;30.57153
413592b70bd9fd52;104.07516;30.87789
3fd663be9a3e8c6e;103.85838000000001;30.85758
28f520cd91ac9b47;103.94458;30.52808
5271bff5de1ffc6e;104.12848000000001;30.90124
7d44b796e297454f;103.85636;30.847759999999997
4654d1b95806da64;104.01167;30.898259999999997
e01ce17ed728a211;104.00358;30.6734
c2054dc1aa211f3a;104.05664;30.557540000000003
96e2211cfe087082;104.1282;30.669059999999998
b30499a62cac88d3;104.069;30.848409999999998
1ef90a69ab4c838f;104.00161999999999;30.478240000000003
cc3725901f1fa2ec;104.04442;30.823359999999997
23134785c9c8e413;104.13861;30.811020000000003
31cba454d35eabc5;104.09336;30.548640000000002
357702cea0116769;103.99535999999999;30.77328
cbc2cb97f1de078d;104.29403;30.6753
272f1ddc475e6368;104.11199;30.8226
7234a295db5b190e;104.16324;30.83608
85fbfefe96521a70;104.12801999999999;30.5299
621f92c7bfd68fd2;104.1711;30.6432
7de0da7c282afa87;103.91204;30.510240000000003
63c41ae4cbee8925;104.18536999999999;30.6191
4c7db41fbbef4c04;103.93606;30.813259999999996
26a60558fad2a01c;104.1527;30.64766
0fce32b720c091ba;104.10582;30.793120000000002
d41c08b8ccf322e2;104.14879;30.76728
d4f7e858cd270fee;104.01168;30.851840000000003
afbbf37e0d3fb4d9;103.8832;30.69722
36c5aff1e6b9af84;103.93434;30.571709999999996
a3c3fd308536e1e3;103.95881;30.550359999999998
950ebd04f81cf397;104.12208000000001;30.686020000000003
4f844fd3fe6f0768;104.10783;30.756520000000002
df2cc10816de5ad6;104.01379;30.6761
05111f726de019a3;103.90156;30.69282
009db022602d0c9b;103.8279;30.80309
c4272527304be433;104.10965999999999;30.534370000000003
1bb934a29437ea2c;103.96056;30.838309999999996
2cdeea18be64a600;104.28184;30.709259999999997
28a9ecabe8303266;104.2139;30.57088
84fe65cb101473a0;104.14492;30.93344
caa3d3791eebfd4a;104.19757;30.585179999999998
5656b263dadecf1c;103.92383000000001;30.80074
3c587f2be5287dc4;104.26756;30.733390000000004
fd482be88a19d112;103.94041999999999;30.60112
add869e4f4ef41d5;103.86283;30.69182
dfc109bcc3db2d14;103.76561;30.545579999999998
d36afa5fa6d37e92;104.05462;30.640459999999997
07e832dc5c55d310;104.30494;30.86392
48a8d456cb4b6f95;104.29064;30.88806
3df2ab8bd40df54d;103.8713;30.5458
70ae911b0577ea6c;103.87705;30.714140000000004
d35a9b4f14f8b986;104.1772;30.626240000000003
f860279e6293e415;103.99126;30.80002
a06b2de14da618e4;104.15711999999999;30.853040000000004
e9cd66c924736c76;103.9322;30.654559999999996
863fe0a9696b31ee;104.20841999999999;30.86652
b117e67f71226fa3;104.25094;30.65478
5eae29422bb431e6;103.9831;30.760759999999998
5eda87bfc02bc16c;104.05868000000001;30.567359999999997
241abc68aa3cb4be;103.85466;30.698929999999997
6823a06d72a4f696;103.81381999999999;30.734440000000003
1cb7987b43b8af5e;104.09946;30.5317
aa123109d37c99be;104.02600000000001;30.8742
54f0dbb54c2a6cfb;104.07506;30.692220000000002
85388e94b41c2007;103.79375999999999;30.63642
63e278bfc1c2c6ed;103.89565999999999;30.570759999999996
c1cccf33ef614c74;103.90382;30.56366
c546a0c460980455;104.14466;30.747629999999997
372444f206cec1e2;103.81583;30.74424
95b62981e506a37e;104.12625;30.75208
7f8b303f98c6c0e4;103.99959;30.46844
5ea2696b91278f1d;104.19372;30.7048
1c52ec915be90dba;104.14041;30.63516
80c0c6e8d95da886;103.8042;30.546559999999996
7a6d46b34033997d;103.97511;30.53612
28efc7475294ccd3;104.01995;30.473779999999998
e137e819b0786233;103.80565;30.741540000000004
1004f504809272de;104.18545999999999;30.665509999999998
43af6a6cff81b90e;103.90786;30.58325
2085bc4549e1d0a2;103.77728;30.69691
ce0adf13bea07ba0;104.0016;30.524559999999997
f404e12e1eeced27;104.1955;30.575359999999996
66c6a7ad3e1243c3;104.32046;30.6172
2be40671a3d81f98;104.15888000000001;30.67711
7179ea6231b95e1a;104.09141;30.67796
3cb775b88d9e16cb;103.92200000000001;30.651870000000002
2e9b36f7a6e8627b;104.17299999999999;30.5602
529dd5d27b611bd8;104.13855;30.764590000000002
4acbf16402546104;104.03828;30.65472
00be05778416e882;103.94216;30.84272
58cc7aec8c5e6eee;104.18519;30.5263
4dfd067455b13005;103.79605;30.553659999999997
d16b29b8abdadcf7;104.10994000000001;30.81277
83ee1f84ae3a4b8d;103.979;30.787509999999997
674c082be09a51eb;103.92424;30.52272
3fbb34734ed326f4;104.13624;30.56914
8725face70e62459;103.96282;30.6163
7229fcda2da50078;104.03624;30.78407
88db527f5e87df9e;104.26493;30.5378
c5e3d72d2c99afcd;103.89524;30.802429999999998
be4450fe040e06e8;103.79405;30.543870000000002
8057565cb5e42af4;104.12398;30.556659999999997
a3723399878ff66d;104.06684;30.56022
eeee2871db617635;104.07302;30.682409999999997
d389793c1380ca54;104.02194;30.761740000000003
a288a83e18970014;103.77944000000001;30.660420000000002
151ad89f743009cf;104.16094;30.68693
52e096ac7e2160ff;104.25354;30.85047
ac0d5ce3adc6faf8;104.20398;30.70748
5ecb2b470050bf34;104.15284;30.7405
9455dd488064433a;103.98116999999999;30.611859999999997
ad3e1a1ee0d8a99c;104.32132;30.84962
31a4d0d6d9d8a766;103.9098;30.63937
3252751694eb823d;103.87331;30.555590000000002
1756df4c73c4b4f9;104.0668;30.467540000000003
22dcbdaab5c2b2a7;104.1958;30.71462
ff3025f13e3a5587;104.15099000000001;30.87
83fd0dce987f46ea;104.04441;30.68416
da9d3f3905e6f91e;103.79748000000001;30.74863
263b56a28905264e;104.01789000000001;30.55664
eadf6a973fb46c4d;104.28854;30.878220000000002
53ed8908752b5561;104.2516;30.88713
11506daa7b1c4cc6;104.0342;30.68147
90b162436d3fff7d;104.04645;30.6476
4156c8ef20df8083;104.07101;30.765390000000004
a968854b8c738896;104.19984000000001;30.68784
064f6133127deef5;104.23276;30.75215
90d4c7dd3c8d56f2;103.90746;30.81495
27ad1baca47f98ea;103.86506;30.609
91fb4026fd196d7e;103.99756;30.458640000000003
ae2c4f28bca8c175;104.08532;30.74131
c31c8ac1b0d8233f;104.07288;30.40428
6ab45f0b30f4451e;104.1426;30.7378
0fe280af7b7ae7aa;104.00768000000001;30.6003
325ac71194e6fe59;103.88768;30.4853
f271a618828827b3;103.91579;30.71513
ddfee9cf0070303a;104.01174;30.66628
084bc91318ac001f;103.85902;30.5796
f5cc647569eab12a;104.2802;30.838859999999997
268c1206dde1ba2b;104.0117;30.80544
dee885accb56bd58;104.1464;30.52543
a39177be91e09d7b;103.94452;30.5744
f7de5b6769b92b8b;104.18384;30.887940000000004
2bd2b3004dd08e2c;104.10351999999999;30.50495
7630c17cb951e013;104.05668;30.696659999999998
a5a76a897873b970;104.19796;30.7709
200c7620e82e60c7;103.96696;30.54324
769a941073afba4d;103.8897;30.49509
40939b9949b49086;104.08915999999999;30.39
0f135a085d3d5cf8;103.96675;30.775
fe2e4de6bdc9ac84;103.9833;30.48268
5ad1500ed3b6d10f;104.08929;30.57538
edd10ecdec5c1383;104.20812;30.727120000000003
254b50014e29e1ed;104.00556;30.82238
277751847f06ad46;103.97508;30.58245
512f3c2e85d81bf3;103.9954;30.68052
0469f8b8bd1a97b7;103.89954;30.683009999999996
e046c8f3a3710ced;104.147;30.943279999999998
f1c576e895fc52f5;104.0995;30.578059999999997
3330ff1a1368a06d;103.77913000000001;30.753020000000003
844a096049717d3e;104.08516;30.509420000000002
84c34609c2303eca;104.00567;30.544159999999998
ff495f3f2c12bc96;103.83596;30.842340000000004
4a8cdca03a93f78c;104.07906;30.526359999999997
4331993fb7c2baf8;103.80164;30.72192
fb1da798aa9ef1ca;104.21204;30.6539
f2d6b3ef3bcba39c;103.7408;30.6594
338eb11ff19529c4;103.85679;30.66242
f140f5cbf841e68d;104.04845;30.42568
01d2f85dccabfd85;104.17093;30.550390000000004
f63726b44ba545b3;104.07719;30.841279999999998
c8db820112ac6192;103.87686;30.806829999999998
4dd6f910e232232d;103.8875;30.57788
42453274fd5765cf;103.86695999999999;30.66512
9e678596cddcbb4d;103.83443;30.64722
9a02b7e36d43e5ba;104.1056;30.561120000000003
79d73d682f905be5;104.00348000000001;30.905379999999997
08b7f81143c1de77;103.89532;30.756079999999997
3e7883e835d6af10;104.08103;30.397140000000004
574cbdd686eb2259;103.95238;30.84542
513816d948c24316;104.19156;30.64854
e00ebdc5cf3124de;103.95659;30.725920000000002
7f9c68d9dbf82de4;104.3276;30.879140000000003
b8e6e2be4ec50cfb;103.93613;30.766890000000004
0aa1f923cdce8c6e;104.2022;30.837020000000003
892b68202a3765b1;104.1118;30.636940000000003
ecb2b49f12985e19;103.86938;30.489720000000002
b22fd63e6753c2eb;103.87532;30.565379999999998
49a0b610dd2724df;104.09128;30.49248
45f1396f534b2009;104.19402;30.84416
c7189f541d39db3e;104.28154;30.61635
05f3bc1480a281fd;103.88917;30.772990000000004
640da10ce5dc3a31;104.03215;30.718040000000002
ab1b5fc518086640;103.90188;30.507559999999998
9327f47f02775f32;104.32463;30.63685
53f0910d9aa27376;103.89945;30.72935
ea727f559df91c01;104.0281;30.466659999999997
cf609e67986115bd;103.85064;30.67932
2e6b3010077a22bc;104.05053000000001;30.62085
0d734ea295b51b81;104.27781999999999;30.73607
a526833eb1896cdd;104.02605;30.54952
1e5c9e1bc63f7bed;104.08105;30.443459999999998
2a1dd895d90280a0;103.93845;30.545
e5ed7a5d605494fd;104.0505;30.4818
668c5218fb63a81b;103.89734;30.765890000000002
e865f2ccb30a67d1;104.00563000000001;30.63685
e721c2fed0fae1a3;104.149;30.906640000000003
1f083a39d63f4896;104.16476;30.52096
67b2547e426c235e;104.17134;30.78248
61fa97c4227a2d73;104.02808;30.652040000000003
1abd60d5afd1f55d;104.21379;30.52448
91666291d4b3757e;104.09137;30.63158
e8335ab65dfb09ca;104.31629000000001;30.59755
a9f9debdfc379190;103.91594;30.622459999999997
41aa7ab00300db75;103.8855;30.56808
1883b7e1c2a16d1b;104.16722;30.762829999999997
a4051962ebeb700b;104.03215;30.810840000000002
20575517df08f8b1;104.14036;30.588759999999997
5bc416b12315fec4;104.11185;30.683329999999998
0b4f56e3addf4b93;104.15484000000001;30.70389
12a8587572272de7;104.14679;30.8039
83eb00760ffd03fa;104.12825;30.71548
dd60033184ee8e91;103.9607;30.69918
c2efbbca286cc26e;104.05051999999999;30.57449
cbf7ef875cea347a;103.87301;30.69452
e3db6bd3e0efc789;104.18573;30.80483
586c77afd92c4ccb;103.86888;30.72124
02f3a6bba5083723;103.8407;30.584020000000002
829c8aace2930d74;103.7893;30.75572
cb3b92042a98a4ce;104.18356999999999;30.74855
0883e8b50f19be6e;104.09134;30.5852
52c35514fca792c3;104.0913;30.538829999999997
94aa715f0bd10628;104.32952;30.84246
fc1fdb7cd7ffa52d;104.2308;30.78878
658fdc6388f9931f;104.25081;30.608340000000002
e688f4076d284c62;104.27216;30.89252
342465c081a62b53;104.17926;30.636059999999997
e40f259475c8f5f3;104.22458;30.759290000000004
c7f8cb8589efe718;103.80192;30.62932
127d979915a239ac;104.09342;30.64139
e8c2b9119d8ed6aa;104.05056;30.806409999999996
d9036cc795d1f9a5;104.20366999999999;30.56822
a33016fcc5fcfcc2;103.82413000000001;30.690820000000002
b7e5a8e8bc9f3918;103.92194;30.698209999999996
016937f21a2aa752;104.11797;30.66638
ad61656e6ef29ce2;104.28139;30.56992
94be0752a9fa25ed;104.10779000000001;30.7101
01e586757f65083c;104.1669;30.57716
1ad9effb25567560;103.88705999999999;30.809540000000002
ae927d9934a2b418;103.95876;30.596690000000002
3a448ce60f485541;104.27753;30.64315
f8c2ebce2e81081a;104.0035;30.858959999999996
b0f9665f3a4fb94a;103.89751;30.6732
c1132ace1a4debc0;103.95683000000001;30.49425
12f4be5d2c39cc5d;103.97286;30.804440000000003
5e87b9c7edfb1ece;103.87292;30.740859999999998
305fab5b6c6431f3;103.96684;30.68226
b2c6bb8965bee628;103.88365999999999;30.465709999999998
728196f8630057f0;103.96882;30.73844
74de14f0d012c792;103.89322;30.79262
6c9cceeb05433818;104.07911;30.61908
ee337aaea0b01a5f;104.00356;30.71978
ae7ae45ff494d2d8;104.00359;30.62705
cec5110c68cd5893;104.22654;30.722659999999998
7b62704f2bd11818;103.9811;30.70458
478ce58e73757f80;104.09352;30.7806
3e252065660da270;104.22861999999999;30.732490000000002
6ec0d9cfed67b110;103.91984000000001;30.73475
9864a37114b3f6ed;103.9241;30.615340000000003
23e35bb5e13d1fcf;103.87916;30.67762
03f1792d7ee1f55b;103.93422;30.66437
e9bb38e8f4f97a74;104.00774;30.461309999999997
59ed69d64871239d;104.22274;30.8424
33ffe0a944cf07ad;103.99754;30.504959999999997
8b626bd61f01a5ea;104.11587;30.61017
64b0573de4b7bfcc;104.18124;30.599459999999997
e8dfac84159158b3;103.9935;30.43905
97130bb24f514271;103.78344;30.68001
ba8db89167fcf4c8;104.01586;30.546840000000003
d2881d89a603611b;103.90949;30.82477
b58f4054f6830ea5;104.08926;30.529020000000003
a3be7dd7d0eff515;104.1383;30.57895
b4cb94a278676f97;104.20635;30.856679999999997
f7d6bdbb27e759fa;104.18997;30.870959999999997
9ba11123d0d92fd0;104.04236;30.58162
a486ec9371cee8b1;104.23704000000001;30.818279999999998
7944bbe4cdcde0c1;104.01375999999999;30.768859999999997
04b3b23f3137b364;103.91362;30.798029999999997
88832a801096a80c;103.9934;30.62436
2be472f2b1ed3a51;104.26548000000001;30.72356
af8e2d03d4b1779c;104.01782;30.8349
b2caf26c26ea10dc;103.92586;30.81055
80da18f682cb2f9b;104.14891999999999;30.86018
37286f185a56d646;104.10356;30.551309999999997
09cb1e44bf02ddaf;104.16117;30.826240000000002
70f9d2eab4f66b17;104.27516;30.540459999999996
678d3d6b9ffe00f8;104.19530999999999;30.482570000000003
299b29a524e74041;104.05254000000001;30.4916
91031f84b2c349b3;104.21651;30.8129
f667f42649663e1a;103.93415999999999;30.710720000000002
3627005fd38e4201;104.1343;30.652109999999997
f08dfca2b33c6d10;103.83868000000001;30.57422
a065180a224355d2;104.2285;30.686040000000002
83489080f61f8221;103.86536;30.47014
c0f7558f6ab89495;104.32672;30.64667
b88b495b4a29e5ff;104.12841999999999;30.854779999999998
345abca9ca155920;103.90988;30.59305
621110a5e5bbe0cc;103.86092;30.6357
054eafaa8ccaa230;104.06885;30.47734
3b13595939ba41b9;104.17944;30.7289
e9e955a3247a535d;103.86878;30.76758
247a5b911f2c7d73;103.99738;30.829490000000003
c46248141abf9a7e;103.97298;30.665329999999997
7adeede4daf43b8c;104.10171;30.77347
f41794de5a1e4c29;104.01987;30.844720000000002
b7085a5d8d394e58;104.19806;30.81735
74e137008c7ec285;104.1879;30.86112
dd0b082f48572065;104.13054;30.91106
176bcf48bbec5127;104.1162;30.935159999999996
18e11619062497f3;104.06896;30.755570000000002
6d4af94c3cd1379e;104.11988000000001;30.53704
e29bf8a357e9c86c;104.09954;30.624440000000003
43150bdcb4fd111c;103.84885;30.57692
9620cf7161766154;104.29674;30.87107
b13624b264fcd571;104.12218;30.778859999999998
3638a171de3f731c;103.95263;30.613609999999998
df9c5845db03c756;104.13842;30.67175
bd54087ff677cf86;104.23448;30.622640000000004
839a3a8d65aa4c58;104.14054;30.72798
5697bc05d5923069;103.99345;30.531679999999998
f093092c379af3b4;103.79132;30.76554
a9d3d44d18da1120;104.21999;30.55392
c4cf653472641ae6;104.22825999999999;30.59318
cf7702ba88e8be42;103.86908000000001;30.6286
51bc3b2595d7d0c8;103.82828;30.66412
133d7a816e098ae9;103.87926;30.6313
1e67650a4cfad70d;103.7856;30.643520000000002
ef8b6a206e146a6e;104.11992;30.58342
53ad006ab9d158c6;104.10146999999999;30.495140000000003
5fbe33c4d0ff05c0;104.11825999999999;30.945
31d8d28345f265be;104.18528;30.57269
651d6571c2eb46c3;103.95866;30.68938
a931c13e93fa9726;103.99534;30.81966
e1d68dee167b022a;103.91181999999999;30.649179999999998
ba4189c08eeabb11;103.90957;30.7784
6be60ad31e801f9d;103.9832;30.62167
daa376d637cfefc5;104.19785999999999;30.72445
df433a35cb74b757;104.0526;30.72342
13f10e96eb891ceb;104.19964;30.594990000000003
445cf89fa4c94f1e;103.97301;30.61898
a3cb2f23add93bc9;103.89154;30.597479999999997
5f40384ff889cd46;104.19344;30.565540000000002
176c224c8ed7e38b;104.22077;30.87905
0223a50878557fc9;104.15071;30.68425
0c25ed47f6285856;104.00565;30.5905
b307f546356a4f1f;103.99956999999999;30.51476
9ef8be81bdedcf31;104.14246999999999;30.64498
4ccf1cd8dcfed64b;103.90942;30.87115
4306d34976b4ae7a;103.91775;30.7713
1de915a78079ae3b;104.05468;30.87248
7d01bb936352f91f;104.09965;30.76365
ce76b98e88cc9213;104.07295;30.54328
23fae3f1f69dddfa;104.09958;30.67083
1713d94cd81b36aa;104.20966;30.504859999999997
0266de8be75c5a4e;103.83193;30.822709999999997
8ba6f1b7541f1b1e;103.98106999999999;30.750940000000003
517faa6207c13f5c;104.26299;30.5744
fb80b8a5988eacb2;103.93625;30.67418
cb30c802e54a3d3a;103.89928;30.822059999999997
22af001ddeb1e080;103.8707;30.82375
38d71e42c85d4b59;103.99548;30.54148
7035c1c5fbf24b34;103.9381;30.823079999999997
0e1e84a6912a0f6f;104.15278;30.69407
0dbd17e538f5c8ad;104.06486;30.73593
5cd8927ea262f452;103.82212;30.68102
b87a3a774db12960;104.08113;30.582520000000002
2dfbb7564f441b79;104.11376;30.55398
a943d7cd5b573ca5;104.26396;30.899659999999997
ae982cdb7031793c;103.9301;30.6911
e1dd1140dc71fd75;103.88521999999999;30.70703
a7744b26e90930bc;104.06488;30.78234
ff95e0abe3522b06;104.22873;30.77895
7ad95cb0e6af2abc;104.3398;30.84514
4ad5225dd49d7903;103.94847;30.68668
31db8b7677a8413d;104.16468;30.474590000000003
